"id","hashtag","createdAt","updatedAt"
1,"follows","2022-12-13 16:33:58.904+00","2022-12-13 16:33:58.904+00"
2,"information","2022-12-13 16:33:58.906+00","2022-12-13 16:33:58.906+00"
3,"Birmingham","2022-12-13 16:33:58.907+00","2022-12-13 16:33:58.907+00"
4,"BBC News","2022-12-13 16:33:58.909+00","2022-12-13 16:33:58.909+00"
5,"Police","2022-12-13 16:33:58.91+00","2022-12-13 16:33:58.91+00"
6,"suggesting","2022-12-13 16:33:58.911+00","2022-12-13 16:33:58.911+00"
7,"people","2022-12-13 16:33:58.916+00","2022-12-13 16:33:58.916+00"
8,"across","2022-12-13 16:34:23.913+00","2022-12-13 16:34:23.913+00"
9,"Following","2022-12-13 16:34:23.939+00","2022-12-13 16:34:23.939+00"
10,"offensive","2022-12-13 16:34:23.944+00","2022-12-13 16:34:23.944+00"
11,"Officers","2022-12-13 16:34:23.968+00","2022-12-13 16:34:23.968+00"
12,"possession","2022-12-13 16:34:23.992+00","2022-12-13 16:34:23.992+00"
13,"public","2022-12-13 16:34:24.039+00","2022-12-13 16:34:24.039+00"
14,"recovered","2022-12-13 16:34:24.05+00","2022-12-13 16:34:24.05+00"
15,"search","2022-12-13 16:34:24.051+00","2022-12-13 16:34:24.051+00"
16,"searches","2022-12-13 16:34:24.053+00","2022-12-13 16:34:24.053+00"
17,"weapons","2022-12-13 16:34:24.058+00","2022-12-13 16:34:24.058+00"
18,"County Lines","2022-12-13 16:34:24.888+00","2022-12-13 16:34:24.888+00"
19,"operation","2022-12-13 16:34:24.89+00","2022-12-13 16:34:24.89+00"
20,"supply","2022-12-13 16:34:24.89+00","2022-12-13 16:34:24.89+00"
21,"action","2022-12-13 16:34:24.914+00","2022-12-13 16:34:24.914+00"
22,"GMB","2022-12-13 16:34:24.915+00","2022-12-13 16:34:24.915+00"
23,"Government","2022-12-13 16:34:24.916+00","2022-12-13 16:34:24.916+00"
24,"health","2022-12-13 16:34:24.957+00","2022-12-13 16:34:24.957+00"
25,"Mersey Care","2022-12-13 16:34:24.957+00","2022-12-13 16:34:24.957+00"
26,"strike","2022-12-13 16:34:24.958+00","2022-12-13 16:34:24.958+00"
27,"support","2022-12-13 16:34:24.958+00","2022-12-13 16:34:24.958+00"
28,"workers","2022-12-13 16:34:24.959+00","2022-12-13 16:34:24.959+00"
29,"family","2022-12-13 16:34:25.074+00","2022-12-13 16:34:25.074+00"
30,"friends","2022-12-13 16:34:25.076+00","2022-12-13 16:34:25.076+00"
31,"fundraiser","2022-12-13 16:34:25.163+00","2022-12-13 16:34:25.163+00"
32,"loving","2022-12-13 16:34:25.167+00","2022-12-13 16:34:25.167+00"
33,"around","2022-12-13 16:34:25.186+00","2022-12-13 16:34:25.186+00"
34,"borough","2022-12-13 16:34:25.187+00","2022-12-13 16:34:25.187+00"
35,"conditions","2022-12-13 16:34:25.187+00","2022-12-13 16:34:25.187+00"
36,"council","2022-12-13 16:34:25.493+00","2022-12-13 16:34:25.493+00"
37,"footways","2022-12-13 16:34:25.494+00","2022-12-13 16:34:25.494+00"
38,"gritted","2022-12-13 16:34:25.494+00","2022-12-13 16:34:25.494+00"
39,"gritting","2022-12-13 16:34:25.494+00","2022-12-13 16:34:25.494+00"
40,"during","2022-12-13 16:34:25.495+00","2022-12-13 16:34:25.495+00"
41,"highway","2022-12-13 16:34:25.505+00","2022-12-13 16:34:25.505+00"
42,"However","2022-12-13 16:34:25.506+00","2022-12-13 16:34:25.506+00"
43,"keeping","2022-12-13 16:34:25.506+00","2022-12-13 16:34:25.506+00"
44,"latest","2022-12-13 16:34:25.507+00","2022-12-13 16:34:25.507+00"
45,"Merseyside","2022-12-13 16:34:25.507+00","2022-12-13 16:34:25.507+00"
46,"network","2022-12-13 16:34:25.515+00","2022-12-13 16:34:25.515+00"
47,"pathways","2022-12-13 16:34:25.516+00","2022-12-13 16:34:25.516+00"
48,"residents","2022-12-13 16:34:25.517+00","2022-12-13 16:34:25.517+00"
49,"routes","2022-12-13 16:34:25.519+00","2022-12-13 16:34:25.519+00"
50,"Sefton","2022-12-13 16:34:25.521+00","2022-12-13 16:34:25.521+00"
51,"service","2022-12-13 16:34:25.526+00","2022-12-13 16:34:25.526+00"
52,"temperatures","2022-12-13 16:34:25.527+00","2022-12-13 16:34:25.527+00"
53,"tonnes","2022-12-13 16:34:25.527+00","2022-12-13 16:34:25.527+00"
54,"traffic","2022-12-13 16:34:25.528+00","2022-12-13 16:34:25.528+00"
55,"transport","2022-12-13 16:34:25.528+00","2022-12-13 16:34:25.528+00"
56,"trucks","2022-12-13 16:34:25.636+00","2022-12-13 16:34:25.636+00"
57,"winter","2022-12-13 16:34:25.636+00","2022-12-13 16:34:25.636+00"
58,"children","2022-12-13 16:34:26.519+00","2022-12-13 16:34:26.519+00"
59,"inadequate","2022-12-13 16:34:26.52+00","2022-12-13 16:34:26.52+00"
60,"inspection","2022-12-13 16:34:26.575+00","2022-12-13 16:34:26.575+00"
61,"nursery","2022-12-13 16:34:26.576+00","2022-12-13 16:34:26.576+00"
62,"report","2022-12-13 16:34:26.576+00","2022-12-13 16:34:26.576+00"
63,"setting","2022-12-13 16:34:26.577+00","2022-12-13 16:34:26.577+00"
64,"training","2022-12-13 16:34:26.578+00","2022-12-13 16:34:26.578+00"
65,"administration","2022-12-13 16:34:27.16+00","2022-12-13 16:34:27.16+00"
66,"appointed","2022-12-13 16:34:27.161+00","2022-12-13 16:34:27.161+00"
67,"collapsed","2022-12-13 16:34:27.162+00","2022-12-13 16:34:27.162+00"
68,"Company","2022-12-13 16:34:27.162+00","2022-12-13 16:34:27.162+00"
69,"former","2022-12-13 16:34:27.173+00","2022-12-13 16:34:27.173+00"
70,"West Derby","2022-12-13 16:34:27.174+00","2022-12-13 16:34:27.174+00"
71,"closure","2022-12-13 16:34:27.179+00","2022-12-13 16:34:27.179+00"
74,"damage","2022-12-13 16:34:27.183+00","2022-12-13 16:34:27.183+00"
75,"decking","2022-12-13 16:34:27.184+00","2022-12-13 16:34:27.184+00"
76,"notice","2022-12-13 16:34:27.184+00","2022-12-13 16:34:27.184+00"
77,"Sefton Council","2022-12-13 16:34:27.185+00","2022-12-13 16:34:27.185+00"
78,"weather","2022-12-13 16:34:27.186+00","2022-12-13 16:34:27.186+00"
79,"couple","2022-12-13 16:34:30.262+00","2022-12-13 16:34:30.262+00"
80,"elderly","2022-12-13 16:34:30.264+00","2022-12-13 16:34:30.264+00"
81,"footage","2022-12-13 16:34:30.266+00","2022-12-13 16:34:30.266+00"
82,"Ford Fiesta","2022-12-13 16:34:30.267+00","2022-12-13 16:34:30.267+00"
83,"Friday","2022-12-13 16:34:30.274+00","2022-12-13 16:34:30.274+00"
84,"silver","2022-12-13 16:34:30.277+00","2022-12-13 16:34:30.277+00"
85,"stolen","2022-12-13 16:34:30.279+00","2022-12-13 16:34:30.279+00"
86,"Bootle","2022-12-13 16:34:30.635+00","2022-12-13 16:34:30.635+00"
87,"customers","2022-12-13 16:34:30.638+00","2022-12-13 16:34:30.638+00"
88,"Wetherspoon","2022-12-13 16:34:30.64+00","2022-12-13 16:34:30.64+00"
89,"Network Rail","2022-12-13 16:34:30.871+00","2022-12-13 16:34:30.871+00"
90,"RMT","2022-12-13 16:34:30.873+00","2022-12-13 16:34:30.873+00"
91,"Tracey","2022-12-13 16:34:30.936+00","2022-12-13 16:34:30.936+00"
92,"beautiful","2022-12-13 16:34:31.113+00","2022-12-13 16:34:31.113+00"
93,"attack","2022-12-13 16:34:31.164+00","2022-12-13 16:34:31.164+00"
94,"jailed","2022-12-13 16:34:31.167+00","2022-12-13 16:34:31.167+00"
95,"Mr McMyler","2022-12-13 16:34:31.168+00","2022-12-13 16:34:31.168+00"
96,"others","2022-12-13 16:34:31.207+00","2022-12-13 16:34:31.207+00"
97,"sentence","2022-12-13 16:34:31.209+00","2022-12-13 16:34:31.209+00"
98,"victim","2022-12-13 16:34:31.209+00","2022-12-13 16:34:31.209+00"
99,"sentenced","2022-12-13 16:34:31.218+00","2022-12-13 16:34:31.218+00"
100,"acquire","2022-12-13 16:34:31.39+00","2022-12-13 16:34:31.39+00"
101,"burglary","2022-12-13 16:34:31.391+00","2022-12-13 16:34:31.391+00"
102,"charged","2022-12-13 16:34:31.557+00","2022-12-13 16:34:31.557+00"
103,"commit","2022-12-13 16:34:31.558+00","2022-12-13 16:34:31.558+00"
104,"conspiracy","2022-12-13 16:34:31.559+00","2022-12-13 16:34:31.559+00"
105,"criminal","2022-12-13 16:34:31.56+00","2022-12-13 16:34:31.56+00"
106,"possess","2022-12-13 16:34:31.562+00","2022-12-13 16:34:31.562+00"
107,"property","2022-12-13 16:34:31.768+00","2022-12-13 16:34:31.768+00"
108,"Runcorn","2022-12-13 16:34:31.77+00","2022-12-13 16:34:31.77+00"
109,"Shadowmoss Road","2022-12-13 16:34:31.771+00","2022-12-13 16:34:31.771+00"
110,"Wythenshawe","2022-12-13 16:34:31.771+00","2022-12-13 16:34:31.771+00"
112,"Bogota","2022-12-13 16:34:31.955+00","2022-12-13 16:34:31.955+00"
113,"cancel","2022-12-13 16:34:31.956+00","2022-12-13 16:34:31.956+00"
114,"cancelled","2022-12-13 16:34:32.096+00","2022-12-13 16:34:32.096+00"
115,"hospital","2022-12-13 16:34:32.098+00","2022-12-13 16:34:32.098+00"
116,"newsletter","2022-12-13 16:34:32.099+00","2022-12-13 16:34:32.099+00"
117,"police","2022-12-13 16:34:32.103+00","2022-12-13 16:34:32.103+00"
118,"singer","2022-12-13 16:34:32.104+00","2022-12-13 16:34:32.104+00"
119,"The Exploited","2022-12-13 16:34:32.105+00","2022-12-13 16:34:32.105+00"
120,"remainder","2022-12-13 16:34:32.106+00","2022-12-13 16:34:32.106+00"
121,"Rushed","2022-12-13 16:34:32.106+00","2022-12-13 16:34:32.106+00"
122,"Wattie","2022-12-13 16:34:32.107+00","2022-12-13 16:34:32.107+00"
123,"collision","2022-12-13 16:34:32.537+00","2022-12-13 16:34:32.537+00"
125,"MOT","2022-12-13 16:34:32.539+00","2022-12-13 16:34:32.539+00"
126,"officers","2022-12-13 16:34:32.539+00","2022-12-13 16:34:32.539+00"
128,"shared","2022-12-13 16:34:32.543+00","2022-12-13 16:34:32.543+00"
129,"morning","2022-12-13 16:34:32.56+00","2022-12-13 16:34:32.56+00"
130,"outside","2022-12-13 16:34:32.562+00","2022-12-13 16:34:32.562+00"
131,"vehicles","2022-12-13 16:34:32.565+00","2022-12-13 16:34:32.565+00"
132,"Gilmerton","2022-12-13 16:34:32.58+00","2022-12-13 16:34:32.58+00"
133,"Jamie Stenhouse","2022-12-13 16:34:32.581+00","2022-12-13 16:34:32.581+00"
134,"missing","2022-12-13 16:34:32.582+00","2022-12-13 16:34:32.582+00"
135,"allowing","2022-12-13 16:34:32.605+00","2022-12-13 16:34:32.605+00"
136,"appearing","2022-12-13 16:34:32.606+00","2022-12-13 16:34:32.606+00"
137,"arrested","2022-12-13 16:34:32.607+00","2022-12-13 16:34:32.607+00"
138,"burial","2022-12-13 16:34:32.608+00","2022-12-13 16:34:32.608+00"
139,"causing","2022-12-13 16:34:32.609+00","2022-12-13 16:34:32.609+00"
141,"circumstances","2022-12-13 16:34:32.612+00","2022-12-13 16:34:32.612+00"
142,"Clarence Road","2022-12-13 16:34:32.614+00","2022-12-13 16:34:32.614+00"
143,"community","2022-12-13 16:34:32.615+00","2022-12-13 16:34:32.615+00"
144,"connected","2022-12-13 16:34:32.616+00","2022-12-13 16:34:32.616+00"
145,"December","2022-12-13 16:34:32.618+00","2022-12-13 16:34:32.618+00"
146,"Detectives","2022-12-13 16:34:32.619+00","2022-12-13 16:34:32.619+00"
147,"following","2022-12-13 16:34:32.62+00","2022-12-13 16:34:32.62+00"
148,"garden","2022-12-13 16:34:32.621+00","2022-12-13 16:34:32.621+00"
149,"Handsworth","2022-12-13 16:34:32.622+00","2022-12-13 16:34:32.622+00"
150,"investigation","2022-12-13 16:34:32.624+00","2022-12-13 16:34:32.624+00"
151,"neglect","2022-12-13 16:34:32.625+00","2022-12-13 16:34:32.625+00"
152,"occupiers","2022-12-13 16:34:32.626+00","2022-12-13 16:34:32.626+00"
154,"possible","2022-12-13 16:34:32.627+00","2022-12-13 16:34:32.627+00"
156,"Public Protection Unit","2022-12-13 16:34:32.629+00","2022-12-13 16:34:32.629+00"
157,"received","2022-12-13 16:34:32.63+00","2022-12-13 16:34:32.63+00"
158,"relating","2022-12-13 16:34:32.902+00","2022-12-13 16:34:32.902+00"
159,"remains","2022-12-13 16:34:32.903+00","2022-12-13 16:34:32.903+00"
160,"remanded","2022-12-13 16:34:32.905+00","2022-12-13 16:34:32.905+00"
161,"reporter","2022-12-13 16:34:32.905+00","2022-12-13 16:34:32.905+00"
162,"searching","2022-12-13 16:34:32.907+00","2022-12-13 16:34:32.907+00"
163,"speculate","2022-12-13 16:34:32.941+00","2022-12-13 16:34:32.941+00"
164,"suspicion","2022-12-13 16:34:32.942+00","2022-12-13 16:34:32.942+00"
165,"understand","2022-12-13 16:34:32.943+00","2022-12-13 16:34:32.943+00"
166,"West Midlands Police","2022-12-13 16:34:32.944+00","2022-12-13 16:34:32.944+00"
167,"wilful","2022-12-13 16:34:32.946+00","2022-12-13 16:34:32.946+00"
168,"because","2022-12-13 16:34:33.194+00","2022-12-13 16:34:33.194+00"
169,"Christmas","2022-12-13 16:34:33.195+00","2022-12-13 16:34:33.195+00"
170,"easier","2022-12-13 16:34:33.196+00","2022-12-13 16:34:33.196+00"
171,"Edinburgh Live","2022-12-13 16:34:33.197+00","2022-12-13 16:34:33.197+00"
173,"months","2022-12-13 16:34:33.201+00","2022-12-13 16:34:33.201+00"
175,"really","2022-12-13 16:34:33.205+00","2022-12-13 16:34:33.205+00"
176,"someone","2022-12-13 16:34:33.207+00","2022-12-13 16:34:33.207+00"
177,"walker","2022-12-13 16:34:33.209+00","2022-12-13 16:34:33.209+00"
179,"companies","2022-12-13 16:34:33.266+00","2022-12-13 16:34:33.266+00"
181,"members","2022-12-13 16:34:33.271+00","2022-12-13 16:34:33.271+00"
182,"Mick Lynch","2022-12-13 16:34:33.272+00","2022-12-13 16:34:33.272+00"
184,"January","2022-12-13 16:34:33.275+00","2022-12-13 16:34:33.275+00"
185,"MORE","2022-12-13 16:34:33.278+00","2022-12-13 16:34:33.278+00"
186,"settlement","2022-12-13 16:34:33.281+00","2022-12-13 16:34:33.281+00"
187,"strikes","2022-12-13 16:34:33.283+00","2022-12-13 16:34:33.283+00"
188,"Colchester","2022-12-13 16:34:33.538+00","2022-12-13 16:34:33.538+00"
189,"happiness","2022-12-13 16:34:33.539+00","2022-12-13 16:34:33.539+00"
190,"miserable","2022-12-13 16:34:33.54+00","2022-12-13 16:34:33.54+00"
192,"rating","2022-12-13 16:34:33.543+00","2022-12-13 16:34:33.543+00"
193,"agreed","2022-12-13 16:34:33.557+00","2022-12-13 16:34:33.557+00"
194,"budget","2022-12-13 16:34:33.559+00","2022-12-13 16:34:33.559+00"
195,"Councillors","2022-12-13 16:34:33.56+00","2022-12-13 16:34:33.56+00"
196,"East Lothian","2022-12-13 16:34:33.562+00","2022-12-13 16:34:33.562+00"
197,"energy","2022-12-13 16:34:33.563+00","2022-12-13 16:34:33.563+00"
198,"finance","2022-12-13 16:34:33.563+00","2022-12-13 16:34:33.563+00"
199,"funding","2022-12-13 16:34:33.564+00","2022-12-13 16:34:33.564+00"
200,"financial","2022-12-13 16:34:33.565+00","2022-12-13 16:34:33.565+00"
202,"offices","2022-12-13 16:34:33.569+00","2022-12-13 16:34:33.569+00"
203,"schools","2022-12-13 16:34:33.57+00","2022-12-13 16:34:33.57+00"
204,"application","2022-12-13 16:34:33.643+00","2022-12-13 16:34:33.643+00"
205,"Craigleith","2022-12-13 16:34:33.644+00","2022-12-13 16:34:33.644+00"
207,"planning","2022-12-13 16:34:33.646+00","2022-12-13 16:34:33.646+00"
208,"restaurant","2022-12-13 16:34:33.647+00","2022-12-13 16:34:33.647+00"
209,"retail","2022-12-13 16:34:33.648+00","2022-12-13 16:34:33.648+00"
210,"airport","2022-12-13 16:34:33.681+00","2022-12-13 16:34:33.681+00"
211,"before","2022-12-13 16:34:33.683+00","2022-12-13 16:34:33.683+00"
212,"capital","2022-12-13 16:34:33.683+00","2022-12-13 16:34:33.683+00"
213,"closed","2022-12-13 16:34:33.685+00","2022-12-13 16:34:33.685+00"
214,"flight","2022-12-13 16:34:33.686+00","2022-12-13 16:34:33.686+00"
215,"landing","2022-12-13 16:34:33.687+00","2022-12-13 16:34:33.687+00"
217,"Passengers","2022-12-13 16:34:33.689+00","2022-12-13 16:34:33.689+00"
218,"Ryanair","2022-12-13 16:34:33.691+00","2022-12-13 16:34:33.691+00"
219,"Stansted","2022-12-13 16:34:33.693+00","2022-12-13 16:34:33.693+00"
220,"tarmac","2022-12-13 16:34:33.694+00","2022-12-13 16:34:33.694+00"
221,"travel","2022-12-13 16:34:33.695+00","2022-12-13 16:34:33.695+00"
222,"Barony House","2022-12-13 16:34:33.743+00","2022-12-13 16:34:33.743+00"
223,"gardens","2022-12-13 16:34:33.745+00","2022-12-13 16:34:33.745+00"
225,"Lasswade","2022-12-13 16:34:33.748+00","2022-12-13 16:34:33.748+00"
231,"ScotRail","2022-12-13 16:34:33.776+00","2022-12-13 16:34:33.776+00"
233,"services","2022-12-13 16:34:33.786+00","2022-12-13 16:34:33.786+00"
234,"Bruntsfield Primary School","2022-12-13 16:34:33.818+00","2022-12-13 16:34:33.818+00"
236,"collected","2022-12-13 16:34:33.822+00","2022-12-13 16:34:33.822+00"
238,"donated","2022-12-13 16:34:33.824+00","2022-12-13 16:34:33.824+00"
239,"fortunate","2022-12-13 16:34:33.826+00","2022-12-13 16:34:33.826+00"
241,"Lothians","2022-12-13 16:34:33.828+00","2022-12-13 16:34:33.828+00"
243,"Radio Forth","2022-12-13 16:34:33.83+00","2022-12-13 16:34:33.83+00"
244,"Community","2022-12-13 16:34:33.94+00","2022-12-13 16:34:33.94+00"
246,"relatives","2022-12-13 16:34:33.943+00","2022-12-13 16:34:33.943+00"
247,"source","2022-12-13 16:34:33.944+00","2022-12-13 16:34:33.944+00"
248,"emergency","2022-12-13 16:34:33.966+00","2022-12-13 16:34:33.966+00"
249,"fighting","2022-12-13 16:34:33.967+00","2022-12-13 16:34:33.967+00"
250,"fourth","2022-12-13 16:34:33.968+00","2022-12-13 16:34:33.968+00"
251,"airports","2022-12-13 16:34:33.998+00","2022-12-13 16:34:33.998+00"
253,"booked","2022-12-13 16:34:34.001+00","2022-12-13 16:34:34.001+00"
254,"daughter","2022-12-13 16:34:34.003+00","2022-12-13 16:34:34.003+00"
255,"diverted","2022-12-13 16:34:34.005+00","2022-12-13 16:34:34.005+00"
257,"Humberside Airport","2022-12-13 16:34:34.01+00","2022-12-13 16:34:34.01+00"
258,"member","2022-12-13 16:34:34.012+00","2022-12-13 16:34:34.012+00"
259,"minute","2022-12-13 16:34:34.013+00","2022-12-13 16:34:34.013+00"
261,"passengers","2022-12-13 16:34:34.015+00","2022-12-13 16:34:34.015+00"
264,"message","2022-12-13 16:34:34.074+00","2022-12-13 16:34:34.074+00"
265,"afternoon","2022-12-13 16:34:34.082+00","2022-12-13 16:34:34.082+00"
266,"Another","2022-12-13 16:34:34.083+00","2022-12-13 16:34:34.083+00"
267,"Babbs Mill Lake","2022-12-13 16:34:34.083+00","2022-12-13 16:34:34.083+00"
270,"heartfelt","2022-12-13 16:34:34.086+00","2022-12-13 16:34:34.086+00"
271,"Kingshurst","2022-12-13 16:34:34.087+00","2022-12-13 16:34:34.087+00"
273,"messages","2022-12-13 16:34:34.091+00","2022-12-13 16:34:34.091+00"
274,"Solihull","2022-12-13 16:34:34.092+00","2022-12-13 16:34:34.092+00"
275,"teddies","2022-12-13 16:34:34.093+00","2022-12-13 16:34:34.093+00"
276,"tragedy","2022-12-13 16:34:34.095+00","2022-12-13 16:34:34.095+00"
277,"tribute","2022-12-13 16:34:34.097+00","2022-12-13 16:34:34.097+00"
278,"tributes","2022-12-13 16:34:34.106+00","2022-12-13 16:34:34.106+00"
279,"Babbs Mill","2022-12-13 16:34:34.174+00","2022-12-13 16:34:34.174+00"
281,"civilians","2022-12-13 16:34:34.267+00","2022-12-13 16:34:34.267+00"
283,"Grzegorz","2022-12-13 16:34:34.279+00","2022-12-13 16:34:34.279+00"
284,"helping","2022-12-13 16:34:34.28+00","2022-12-13 16:34:34.28+00"
286,"Russian","2022-12-13 16:34:34.356+00","2022-12-13 16:34:34.356+00"
287,"Ukraine","2022-12-13 16:34:34.357+00","2022-12-13 16:34:34.357+00"
288,"vehicle","2022-12-13 16:34:34.358+00","2022-12-13 16:34:34.358+00"
289,"worker","2022-12-13 16:34:34.358+00","2022-12-13 16:34:34.358+00"
290,"better","2022-12-13 16:34:34.811+00","2022-12-13 16:34:34.811+00"
292,"completely","2022-12-13 16:34:34.812+00","2022-12-13 16:34:34.812+00"
293,"issues","2022-12-13 16:34:34.813+00","2022-12-13 16:34:34.813+00"
294,"Leith Links","2022-12-13 16:34:34.814+00","2022-12-13 16:34:34.814+00"
295,"Lighting","2022-12-13 16:34:34.815+00","2022-12-13 16:34:34.815+00"
296,"stretches","2022-12-13 16:34:34.816+00","2022-12-13 16:34:34.816+00"
297,"through","2022-12-13 16:34:34.817+00","2022-12-13 16:34:34.817+00"
298,"safety","2022-12-13 16:34:34.819+00","2022-12-13 16:34:34.819+00"
300,"announced","2022-12-13 16:34:34.852+00","2022-12-13 16:34:34.852+00"
301,"awaits","2022-12-13 16:34:34.853+00","2022-12-13 16:34:34.853+00"
305,"confirmed","2022-12-13 16:34:34.858+00","2022-12-13 16:34:34.858+00"
307,"devastated","2022-12-13 16:34:34.86+00","2022-12-13 16:34:34.86+00"
308,"falling","2022-12-13 16:34:34.861+00","2022-12-13 16:34:34.861+00"
309,"families","2022-12-13 16:34:34.904+00","2022-12-13 16:34:34.904+00"
313,"frozen","2022-12-13 16:34:34.907+00","2022-12-13 16:34:34.907+00"
315,"involved","2022-12-13 16:34:34.909+00","2022-12-13 16:34:34.909+00"
317,"little","2022-12-13 16:34:34.91+00","2022-12-13 16:34:34.91+00"
319,"officer","2022-12-13 16:34:35.707+00","2022-12-13 16:34:35.707+00"
320,"posted","2022-12-13 16:34:35.708+00","2022-12-13 16:34:35.708+00"
322,"School","2022-12-13 16:34:35.71+00","2022-12-13 16:34:35.71+00"
323,"Sunday","2022-12-13 16:34:35.718+00","2022-12-13 16:34:35.718+00"
326,"tragically","2022-12-13 16:34:35.721+00","2022-12-13 16:34:35.721+00"
329,"trying","2022-12-13 16:34:35.733+00","2022-12-13 16:34:35.733+00"
330,"update","2022-12-13 16:34:35.734+00","2022-12-13 16:34:35.734+00"
332,"yesterday","2022-12-13 16:34:35.736+00","2022-12-13 16:34:35.736+00"
333,"Monday","2022-12-13 16:34:36.069+00","2022-12-13 16:34:36.069+00"
334,"performance","2022-12-13 16:34:36.07+00","2022-12-13 16:34:36.07+00"
335,"Strictly","2022-12-13 16:34:36.072+00","2022-12-13 16:34:36.072+00"
336,"Choice","2022-12-13 16:34:36.078+00","2022-12-13 16:34:36.078+00"
337,"Couple","2022-12-13 16:34:36.079+00","2022-12-13 16:34:36.079+00"
338,"couples","2022-12-13 16:34:36.081+00","2022-12-13 16:34:36.081+00"
339,"dances","2022-12-13 16:34:36.081+00","2022-12-13 16:34:36.081+00"
340,"dancing","2022-12-13 16:34:36.082+00","2022-12-13 16:34:36.082+00"
341,"Viewers","2022-12-13 16:34:36.082+00","2022-12-13 16:34:36.082+00"
342,"disclosing","2022-12-13 16:34:36.16+00","2022-12-13 16:34:36.16+00"
343,"guilty","2022-12-13 16:34:36.162+00","2022-12-13 16:34:36.162+00"
344,"Ms Harrison","2022-12-13 16:34:36.162+00","2022-12-13 16:34:36.162+00"
345,"private","2022-12-13 16:34:36.163+00","2022-12-13 16:34:36.163+00"
346,"sexual","2022-12-13 16:34:36.167+00","2022-12-13 16:34:36.167+00"
347,"verdicts","2022-12-13 16:34:36.17+00","2022-12-13 16:34:36.17+00"
348,"compensation","2022-12-13 16:34:36.214+00","2022-12-13 16:34:36.214+00"
349,"consumers","2022-12-13 16:34:36.216+00","2022-12-13 16:34:36.216+00"
352,"households","2022-12-13 16:34:36.219+00","2022-12-13 16:34:36.219+00"
353,"meters","2022-12-13 16:34:36.225+00","2022-12-13 16:34:36.225+00"
354,"Utilita","2022-12-13 16:34:36.226+00","2022-12-13 16:34:36.226+00"
355,"vulnerable","2022-12-13 16:34:36.227+00","2022-12-13 16:34:36.227+00"
356,"dating","2022-12-13 16:34:36.284+00","2022-12-13 16:34:36.284+00"
358,"strongly","2022-12-13 16:34:36.287+00","2022-12-13 16:34:36.287+00"
359,"Acocks Green","2022-12-13 16:34:36.354+00","2022-12-13 16:34:36.354+00"
360,"cannabis","2022-12-13 16:34:36.355+00","2022-12-13 16:34:36.355+00"
361,"ongoing","2022-12-13 16:34:36.361+00","2022-12-13 16:34:36.361+00"
362,"hatred","2022-12-13 16:34:36.369+00","2022-12-13 16:34:36.369+00"
363,"horrible","2022-12-13 16:34:36.374+00","2022-12-13 16:34:36.374+00"
365,"saying","2022-12-13 16:34:36.376+00","2022-12-13 16:34:36.376+00"
366,"Alison","2022-12-13 16:34:36.389+00","2022-12-13 16:34:36.389+00"
367,"ITV This Morning","2022-12-13 16:34:36.399+00","2022-12-13 16:34:36.399+00"
368,"Martin","2022-12-13 16:34:36.4+00","2022-12-13 16:34:36.4+00"
369,"Mr Lewis","2022-12-13 16:34:36.401+00","2022-12-13 16:34:36.401+00"
370,"savings","2022-12-13 16:34:36.403+00","2022-12-13 16:34:36.403+00"
371,"tonight","2022-12-13 16:34:36.404+00","2022-12-13 16:34:36.404+00"
372,"admitted","2022-12-13 16:34:37.269+00","2022-12-13 16:34:37.269+00"
373,"access","2022-12-13 16:34:37.27+00","2022-12-13 16:34:37.27+00"
374,"almost","2022-12-13 16:34:37.271+00","2022-12-13 16:34:37.271+00"
375,"already","2022-12-13 16:34:37.273+00","2022-12-13 16:34:37.273+00"
376,"ambulances","2022-12-13 16:34:37.274+00","2022-12-13 16:34:37.274+00"
377,"another","2022-12-13 16:34:37.275+00","2022-12-13 16:34:37.275+00"
378,"arrive","2022-12-13 16:34:37.277+00","2022-12-13 16:34:37.277+00"
379,"ambulance","2022-12-13 16:34:37.278+00","2022-12-13 16:34:37.278+00"
380,"arriving","2022-12-13 16:34:37.41+00","2022-12-13 16:34:37.41+00"
381,"attend","2022-12-13 16:34:37.412+00","2022-12-13 16:34:37.412+00"
383,"become","2022-12-13 16:34:37.414+00","2022-12-13 16:34:37.414+00"
384,"backlog","2022-12-13 16:34:37.416+00","2022-12-13 16:34:37.416+00"
385,"breathing","2022-12-13 16:34:37.476+00","2022-12-13 16:34:37.476+00"
386,"busier","2022-12-13 16:34:37.476+00","2022-12-13 16:34:37.476+00"
387,"capacity","2022-12-13 16:34:37.477+00","2022-12-13 16:34:37.477+00"
388,"caring","2022-12-13 16:34:37.478+00","2022-12-13 16:34:37.478+00"
389,"centre","2022-12-13 16:34:37.478+00","2022-12-13 16:34:37.478+00"
390,"clinical","2022-12-13 16:34:37.541+00","2022-12-13 16:34:37.541+00"
391,"colleagues","2022-12-13 16:34:37.542+00","2022-12-13 16:34:37.542+00"
392,"coming","2022-12-13 16:34:37.543+00","2022-12-13 16:34:37.543+00"
393,"command","2022-12-13 16:34:37.543+00","2022-12-13 16:34:37.543+00"
395,"computer","2022-12-13 16:34:37.587+00","2022-12-13 16:34:37.587+00"
396,"concern","2022-12-13 16:34:37.588+00","2022-12-13 16:34:37.588+00"
397,"condition","2022-12-13 16:34:37.588+00","2022-12-13 16:34:37.588+00"
398,"control","2022-12-13 16:34:37.589+00","2022-12-13 16:34:37.589+00"
399,"crisis","2022-12-13 16:34:37.821+00","2022-12-13 16:34:37.821+00"
400,"Delays","2022-12-13 16:34:37.823+00","2022-12-13 16:34:37.823+00"
401,"Despite","2022-12-13 16:34:37.823+00","2022-12-13 16:34:37.823+00"
402,"demand","2022-12-13 16:34:37.824+00","2022-12-13 16:34:37.824+00"
403,"department","2022-12-13 16:34:37.825+00","2022-12-13 16:34:37.825+00"
404,"difficult","2022-12-13 16:34:37.873+00","2022-12-13 16:34:37.873+00"
405,"director","2022-12-13 16:34:37.874+00","2022-12-13 16:34:37.874+00"
406,"doctors","2022-12-13 16:34:37.874+00","2022-12-13 16:34:37.874+00"
407,"disease","2022-12-13 16:34:37.875+00","2022-12-13 16:34:37.875+00"
408,"ED","2022-12-13 16:34:38.068+00","2022-12-13 16:34:38.068+00"
410,"everyone","2022-12-13 16:34:38.069+00","2022-12-13 16:34:38.069+00"
411,"England","2022-12-13 16:34:38.07+00","2022-12-13 16:34:38.07+00"
412,"enough","2022-12-13 16:34:38.07+00","2022-12-13 16:34:38.07+00"
413,"Finding","2022-12-13 16:34:38.113+00","2022-12-13 16:34:38.113+00"
414,"Frempong","2022-12-13 16:34:38.114+00","2022-12-13 16:34:38.114+00"
415,"frustration","2022-12-13 16:34:38.114+00","2022-12-13 16:34:38.114+00"
416,"getting","2022-12-13 16:34:38.115+00","2022-12-13 16:34:38.115+00"
417,"GPs","2022-12-13 16:34:38.164+00","2022-12-13 16:34:38.164+00"
418,"Harvey","2022-12-13 16:34:38.165+00","2022-12-13 16:34:38.165+00"
419,"having","2022-12-13 16:34:38.165+00","2022-12-13 16:34:38.165+00"
420,"GP","2022-12-13 16:34:38.166+00","2022-12-13 16:34:38.166+00"
422,"hospitals","2022-12-13 16:34:38.216+00","2022-12-13 16:34:38.216+00"
423,"impact","2022-12-13 16:34:38.217+00","2022-12-13 16:34:38.217+00"
424,"illness","2022-12-13 16:34:38.218+00","2022-12-13 16:34:38.218+00"
425,"impossible","2022-12-13 16:34:38.27+00","2022-12-13 16:34:38.27+00"
426,"including","2022-12-13 16:34:38.271+00","2022-12-13 16:34:38.271+00"
427,"increased","2022-12-13 16:34:38.271+00","2022-12-13 16:34:38.271+00"
428,"Inside","2022-12-13 16:34:38.272+00","2022-12-13 16:34:38.272+00"
429,"increase","2022-12-13 16:34:38.272+00","2022-12-13 16:34:38.272+00"
430,"intensive","2022-12-13 16:34:38.309+00","2022-12-13 16:34:38.309+00"
431,"LAS","2022-12-13 16:34:38.31+00","2022-12-13 16:34:38.31+00"
433,"London","2022-12-13 16:34:38.311+00","2022-12-13 16:34:38.311+00"
434,"longer","2022-12-13 16:34:38.311+00","2022-12-13 16:34:38.311+00"
435,"looking","2022-12-13 16:34:38.326+00","2022-12-13 16:34:38.326+00"
436,"manage","2022-12-13 16:34:38.327+00","2022-12-13 16:34:38.327+00"
437,"medical","2022-12-13 16:34:38.327+00","2022-12-13 16:34:38.327+00"
438,"medicine","2022-12-13 16:34:38.328+00","2022-12-13 16:34:38.328+00"
439,"meeting","2022-12-13 16:34:38.328+00","2022-12-13 16:34:38.328+00"
440,"mental","2022-12-13 16:34:38.329+00","2022-12-13 16:34:38.329+00"
441,"million","2022-12-13 16:34:38.329+00","2022-12-13 16:34:38.329+00"
442,"minutes","2022-12-13 16:34:38.33+00","2022-12-13 16:34:38.33+00"
443,"moment","2022-12-13 16:34:38.33+00","2022-12-13 16:34:38.33+00"
446,"nearly","2022-12-13 16:34:38.332+00","2022-12-13 16:34:38.332+00"
447,"Nelson","2022-12-13 16:34:38.332+00","2022-12-13 16:34:38.332+00"
448,"NHS","2022-12-13 16:34:38.333+00","2022-12-13 16:34:38.333+00"
449,"number","2022-12-13 16:34:38.333+00","2022-12-13 16:34:38.333+00"
450,"nurses","2022-12-13 16:34:38.371+00","2022-12-13 16:34:38.371+00"
451,"operations","2022-12-13 16:34:38.371+00","2022-12-13 16:34:38.371+00"
452,"pandemic","2022-12-13 16:34:38.372+00","2022-12-13 16:34:38.372+00"
453,"paramedics","2022-12-13 16:34:38.373+00","2022-12-13 16:34:38.373+00"
454,"patients","2022-12-13 16:34:38.421+00","2022-12-13 16:34:38.421+00"
455,"pharmacies","2022-12-13 16:34:38.422+00","2022-12-13 16:34:38.422+00"
456,"pharmacy","2022-12-13 16:34:38.423+00","2022-12-13 16:34:38.423+00"
457,"patient","2022-12-13 16:34:38.423+00","2022-12-13 16:34:38.423+00"
458,"physical","2022-12-13 16:34:38.458+00","2022-12-13 16:34:38.458+00"
459,"population","2022-12-13 16:34:38.459+00","2022-12-13 16:34:38.459+00"
460,"practice","2022-12-13 16:34:38.459+00","2022-12-13 16:34:38.459+00"
461,"pressure","2022-12-13 16:34:38.459+00","2022-12-13 16:34:38.459+00"
462,"problem","2022-12-13 16:34:38.46+00","2022-12-13 16:34:38.46+00"
463,"proved","2022-12-13 16:34:38.461+00","2022-12-13 16:34:38.461+00"
465,"recently","2022-12-13 16:34:38.462+00","2022-12-13 16:34:38.462+00"
466,"record","2022-12-13 16:34:38.462+00","2022-12-13 16:34:38.462+00"
467,"respiratory","2022-12-13 16:34:38.462+00","2022-12-13 16:34:38.462+00"
468,"respond","2022-12-13 16:34:38.463+00","2022-12-13 16:34:38.463+00"
469,"response","2022-12-13 16:34:38.463+00","2022-12-13 16:34:38.463+00"
470,"result","2022-12-13 16:34:38.464+00","2022-12-13 16:34:38.464+00"
471,"return","2022-12-13 16:34:38.464+00","2022-12-13 16:34:38.464+00"
472,"Richmond","2022-12-13 16:34:38.465+00","2022-12-13 16:34:38.465+00"
473,"Samaritans","2022-12-13 16:34:38.465+00","2022-12-13 16:34:38.465+00"
474,"screen","2022-12-13 16:34:38.466+00","2022-12-13 16:34:38.466+00"
475,"second","2022-12-13 16:34:38.466+00","2022-12-13 16:34:38.466+00"
476,"seeing","2022-12-13 16:34:38.467+00","2022-12-13 16:34:38.467+00"
477,"serious","2022-12-13 16:34:38.467+00","2022-12-13 16:34:38.467+00"
478,"seriously","2022-12-13 16:34:38.516+00","2022-12-13 16:34:38.516+00"
479,"severe","2022-12-13 16:34:38.517+00","2022-12-13 16:34:38.517+00"
480,"shortage","2022-12-13 16:34:38.518+00","2022-12-13 16:34:38.518+00"
482,"something","2022-12-13 16:34:38.519+00","2022-12-13 16:34:38.519+00"
483,"struggling","2022-12-13 16:34:38.52+00","2022-12-13 16:34:38.52+00"
484,"surgery","2022-12-13 16:34:38.521+00","2022-12-13 16:34:38.521+00"
485,"surprise","2022-12-13 16:34:38.521+00","2022-12-13 16:34:38.521+00"
486,"Sometimes","2022-12-13 16:34:38.522+00","2022-12-13 16:34:38.522+00"
487,"things","2022-12-13 16:34:38.559+00","2022-12-13 16:34:38.559+00"
488,"thinking","2022-12-13 16:34:38.56+00","2022-12-13 16:34:38.56+00"
489,"though","2022-12-13 16:34:38.56+00","2022-12-13 16:34:38.56+00"
491,"treatment","2022-12-13 16:34:38.561+00","2022-12-13 16:34:38.561+00"
492,"treatments","2022-12-13 16:34:38.578+00","2022-12-13 16:34:38.578+00"
493,"Tucker","2022-12-13 16:34:38.579+00","2022-12-13 16:34:38.579+00"
494,"urgent","2022-12-13 16:34:38.579+00","2022-12-13 16:34:38.579+00"
495,"ventilators","2022-12-13 16:34:38.58+00","2022-12-13 16:34:38.58+00"
496,"waiting","2022-12-13 16:34:38.58+00","2022-12-13 16:34:38.58+00"
497,"within","2022-12-13 16:34:38.581+00","2022-12-13 16:34:38.581+00"
499,"working","2022-12-13 16:34:38.582+00","2022-12-13 16:34:38.582+00"
500,"worried","2022-12-13 16:34:38.583+00","2022-12-13 16:34:38.583+00"
501,"fireworks","2022-12-13 16:34:39.068+00","2022-12-13 16:34:39.068+00"
503,"Primrose Hill","2022-12-13 16:34:39.072+00","2022-12-13 16:34:39.072+00"
505,"New Year","2022-12-13 16:34:39.167+00","2022-12-13 16:34:39.167+00"
507,"bought","2022-12-13 16:34:39.174+00","2022-12-13 16:34:39.174+00"
509,"everything","2022-12-13 16:34:39.196+00","2022-12-13 16:34:39.196+00"
510,"Little Greene","2022-12-13 16:34:39.198+00","2022-12-13 16:34:39.198+00"
511,"cottage","2022-12-13 16:34:39.199+00","2022-12-13 16:34:39.199+00"
512,"flowers","2022-12-13 16:34:39.2+00","2022-12-13 16:34:39.2+00"
513,"living","2022-12-13 16:34:39.201+00","2022-12-13 16:34:39.201+00"
514,"lovingly","2022-12-13 16:34:39.202+00","2022-12-13 16:34:39.202+00"
515,"natural","2022-12-13 16:34:39.203+00","2022-12-13 16:34:39.203+00"
517,"rosehips","2022-12-13 16:34:39.206+00","2022-12-13 16:34:39.206+00"
518,"somewhere","2022-12-13 16:34:39.207+00","2022-12-13 16:34:39.207+00"
520,"Wild At Heart","2022-12-13 16:34:39.209+00","2022-12-13 16:34:39.209+00"
521,"together","2022-12-13 16:34:39.21+00","2022-12-13 16:34:39.21+00"
522,"tracks","2022-12-13 16:34:39.694+00","2022-12-13 16:34:39.694+00"
524,"football","2022-12-13 16:34:39.702+00","2022-12-13 16:34:39.702+00"
525,"kicked","2022-12-13 16:34:39.702+00","2022-12-13 16:34:39.702+00"
527,"Scotter","2022-12-13 16:34:39.704+00","2022-12-13 16:34:39.704+00"
528,"racist","2022-12-13 16:34:39.714+00","2022-12-13 16:34:39.714+00"
529,"against","2022-12-13 16:34:39.727+00","2022-12-13 16:34:39.727+00"
531,"benefits","2022-12-13 16:34:39.729+00","2022-12-13 16:34:39.729+00"
532,"campaign","2022-12-13 16:34:39.73+00","2022-12-13 16:34:39.73+00"
535,"exploit","2022-12-13 16:34:39.734+00","2022-12-13 16:34:39.734+00"
536,"crackdown","2022-12-13 16:34:39.734+00","2022-12-13 16:34:39.734+00"
538,"Ms Adams","2022-12-13 16:34:39.736+00","2022-12-13 16:34:39.736+00"
539,"Newham","2022-12-13 16:34:39.737+00","2022-12-13 16:34:39.737+00"
542,"People","2022-12-13 16:34:39.739+00","2022-12-13 16:34:39.739+00"
543,"powers","2022-12-13 16:34:39.74+00","2022-12-13 16:34:39.74+00"
544,"Prostitutes","2022-12-13 16:34:39.741+00","2022-12-13 16:34:39.741+00"
545,"prostitution","2022-12-13 16:34:39.742+00","2022-12-13 16:34:39.742+00"
546,"PSPO","2022-12-13 16:34:39.742+00","2022-12-13 16:34:39.742+00"
547,"Romford Road","2022-12-13 16:34:39.743+00","2022-12-13 16:34:39.743+00"
549,"should","2022-12-13 16:34:39.744+00","2022-12-13 16:34:39.744+00"
550,"social","2022-12-13 16:34:39.745+00","2022-12-13 16:34:39.745+00"
551,"spokesperson","2022-12-13 16:34:39.746+00","2022-12-13 16:34:39.746+00"
552,"street","2022-12-13 16:34:39.747+00","2022-12-13 16:34:39.747+00"
553,"stressed","2022-12-13 16:34:39.748+00","2022-12-13 16:34:39.748+00"
554,"themselves","2022-12-13 16:34:39.749+00","2022-12-13 16:34:39.749+00"
556,"violence","2022-12-13 16:34:39.75+00","2022-12-13 16:34:39.75+00"
562,"totally","2022-12-13 16:34:40.557+00","2022-12-13 16:34:40.557+00"
563,"Alyssa","2022-12-13 16:34:40.692+00","2022-12-13 16:34:40.692+00"
564,"Children","2022-12-13 16:34:40.693+00","2022-12-13 16:34:40.693+00"
566,"leukaemia","2022-12-13 16:34:40.698+00","2022-12-13 16:34:40.698+00"
568,"scientists","2022-12-13 16:34:40.7+00","2022-12-13 16:34:40.7+00"
569,"Heathrow","2022-12-13 16:34:40.803+00","2022-12-13 16:34:40.803+00"
571,"Piccadilly","2022-12-13 16:34:40.805+00","2022-12-13 16:34:40.805+00"
572,"stations","2022-12-13 16:34:40.813+00","2022-12-13 16:34:40.813+00"
573,"trains","2022-12-13 16:34:40.814+00","2022-12-13 16:34:40.814+00"
574,"behind","2022-12-13 16:34:40.895+00","2022-12-13 16:34:40.895+00"
575,"Meghan","2022-12-13 16:34:40.896+00","2022-12-13 16:34:40.896+00"
576,"Royal Family","2022-12-13 16:34:40.897+00","2022-12-13 16:34:40.897+00"
577,"ballot","2022-12-13 16:34:40.93+00","2022-12-13 16:34:40.93+00"
579,"government","2022-12-13 16:34:40.933+00","2022-12-13 16:34:40.933+00"
580,"industrial","2022-12-13 16:34:40.934+00","2022-12-13 16:34:40.934+00"
581,"Midwives","2022-12-13 16:34:40.935+00","2022-12-13 16:34:40.935+00"
583,"RCM","2022-12-13 16:34:40.937+00","2022-12-13 16:34:40.937+00"
584,"taking","2022-12-13 16:34:40.94+00","2022-12-13 16:34:40.94+00"
585,"account","2022-12-13 16:34:41.46+00","2022-12-13 16:34:41.46+00"
586,"change","2022-12-13 16:34:41.461+00","2022-12-13 16:34:41.461+00"
587,"different","2022-12-13 16:34:41.461+00","2022-12-13 16:34:41.461+00"
589,"feature","2022-12-13 16:34:41.462+00","2022-12-13 16:34:41.462+00"
590,"homepage","2022-12-13 16:34:41.462+00","2022-12-13 16:34:41.462+00"
591,"nation","2022-12-13 16:34:41.463+00","2022-12-13 16:34:41.463+00"
592,"nations","2022-12-13 16:34:41.464+00","2022-12-13 16:34:41.464+00"
593,"Northern Ireland","2022-12-13 16:34:41.464+00","2022-12-13 16:34:41.464+00"
594,"option","2022-12-13 16:34:41.465+00","2022-12-13 16:34:41.465+00"
595,"Scotland","2022-12-13 16:34:41.465+00","2022-12-13 16:34:41.465+00"
596,"stories","2022-12-13 16:34:41.466+00","2022-12-13 16:34:41.466+00"
597,"postcode","2022-12-13 16:34:41.47+00","2022-12-13 16:34:41.47+00"
598,"accused","2022-12-13 16:34:41.549+00","2022-12-13 16:34:41.549+00"
600,"alleged","2022-12-13 16:34:41.551+00","2022-12-13 16:34:41.551+00"
601,"between","2022-12-13 16:34:41.551+00","2022-12-13 16:34:41.551+00"
602,"charges","2022-12-13 16:34:41.552+00","2022-12-13 16:34:41.552+00"
603,"fusion","2022-12-13 16:34:41.552+00","2022-12-13 16:34:41.552+00"
604,"Mr Packer","2022-12-13 16:34:41.553+00","2022-12-13 16:34:41.553+00"
605,"nuclear","2022-12-13 16:34:41.553+00","2022-12-13 16:34:41.553+00"
608,"global","2022-12-13 16:34:41.83+00","2022-12-13 16:34:41.83+00"
609,"higher","2022-12-13 16:34:41.83+00","2022-12-13 16:34:41.83+00"
610,"interest","2022-12-13 16:34:41.831+00","2022-12-13 16:34:41.831+00"
611,"landlords","2022-12-13 16:34:41.831+00","2022-12-13 16:34:41.831+00"
612,"housing","2022-12-13 16:34:41.832+00","2022-12-13 16:34:41.832+00"
614,"mortgage","2022-12-13 16:34:41.833+00","2022-12-13 16:34:41.833+00"
615,"prices","2022-12-13 16:34:41.833+00","2022-12-13 16:34:41.833+00"
616,"rising","2022-12-13 16:34:41.834+00","2022-12-13 16:34:41.834+00"
618,"actually","2022-12-13 16:34:41.868+00","2022-12-13 16:34:41.868+00"
619,"fission","2022-12-13 16:34:41.869+00","2022-12-13 16:34:41.869+00"
620,"fossil","2022-12-13 16:34:41.87+00","2022-12-13 16:34:41.87+00"
622,"generate","2022-12-13 16:34:41.87+00","2022-12-13 16:34:41.87+00"
623,"greenhouse","2022-12-13 16:34:41.871+00","2022-12-13 16:34:41.871+00"
624,"hydrogen","2022-12-13 16:34:41.871+00","2022-12-13 16:34:41.871+00"
625,"needed","2022-12-13 16:34:41.872+00","2022-12-13 16:34:41.872+00"
626,"Nuclear","2022-12-13 16:34:41.872+00","2022-12-13 16:34:41.872+00"
627,"process","2022-12-13 16:34:41.872+00","2022-12-13 16:34:41.872+00"
628,"produce","2022-12-13 16:34:41.873+00","2022-12-13 16:34:41.873+00"
629,"produced","2022-12-13 16:34:41.874+00","2022-12-13 16:34:41.874+00"
630,"produces","2022-12-13 16:34:41.875+00","2022-12-13 16:34:41.875+00"
631,"reaction","2022-12-13 16:34:41.875+00","2022-12-13 16:34:41.875+00"
633,"US","2022-12-13 16:34:41.877+00","2022-12-13 16:34:41.877+00"
634,"amount","2022-12-13 16:34:41.924+00","2022-12-13 16:34:41.924+00"
635,"capsule","2022-12-13 16:34:41.925+00","2022-12-13 16:34:41.925+00"
636,"billions","2022-12-13 16:34:41.927+00","2022-12-13 16:34:41.927+00"
637,"breakthrough","2022-12-13 16:34:41.928+00","2022-12-13 16:34:41.928+00"
639,"forcing","2022-12-13 16:34:41.929+00","2022-12-13 16:34:41.929+00"
641,"experiment","2022-12-13 16:34:41.931+00","2022-12-13 16:34:41.931+00"
643,"LLNL","2022-12-13 16:34:41.932+00","2022-12-13 16:34:41.932+00"
647,"science","2022-12-13 16:34:41.933+00","2022-12-13 16:34:41.933+00"
649,"technology","2022-12-13 16:34:41.934+00","2022-12-13 16:34:41.934+00"
651,"Albanians","2022-12-13 16:34:42.062+00","2022-12-13 16:34:42.062+00"
652,"asylum","2022-12-13 16:34:42.064+00","2022-12-13 16:34:42.064+00"
654,"claims","2022-12-13 16:34:42.084+00","2022-12-13 16:34:42.084+00"
655,"country","2022-12-13 16:34:42.086+00","2022-12-13 16:34:42.086+00"
656,"minister","2022-12-13 16:34:42.087+00","2022-12-13 16:34:42.087+00"
657,"Ministers","2022-12-13 16:34:42.087+00","2022-12-13 16:34:42.087+00"
659,"Mr Sunak","2022-12-13 16:34:42.089+00","2022-12-13 16:34:42.089+00"
661,"pledged","2022-12-13 16:34:42.09+00","2022-12-13 16:34:42.09+00"
662,"seekers","2022-12-13 16:34:42.09+00","2022-12-13 16:34:42.09+00"
663,"defendant","2022-12-13 16:34:42.12+00","2022-12-13 16:34:42.12+00"
666,"OnlyFans","2022-12-13 16:34:42.123+00","2022-12-13 16:34:42.123+00"
667,"TV","2022-12-13 16:34:42.124+00","2022-12-13 16:34:42.124+00"
668,"online","2022-12-13 16:34:42.125+00","2022-12-13 16:34:42.125+00"
669,"reality","2022-12-13 16:34:42.126+00","2022-12-13 16:34:42.126+00"
670,"recorded","2022-12-13 16:34:42.126+00","2022-12-13 16:34:42.126+00"
671,"bodies","2022-12-13 16:34:42.153+00","2022-12-13 16:34:42.153+00"
672,"complex","2022-12-13 16:34:42.155+00","2022-12-13 16:34:42.155+00"
673,"explosion","2022-12-13 16:34:42.155+00","2022-12-13 16:34:42.155+00"
675,"island","2022-12-13 16:34:42.158+00","2022-12-13 16:34:42.158+00"
676,"islanders","2022-12-13 16:34:42.158+00","2022-12-13 16:34:42.158+00"
677,"Jersey","2022-12-13 16:34:42.159+00","2022-12-13 16:34:42.159+00"
678,"victims","2022-12-13 16:34:42.16+00","2022-12-13 16:34:42.16+00"
680,"Belgian","2022-12-13 16:34:42.199+00","2022-12-13 16:34:42.199+00"
681,"bribery","2022-12-13 16:34:42.207+00","2022-12-13 16:34:42.207+00"
682,"Brussels","2022-12-13 16:34:42.208+00","2022-12-13 16:34:42.208+00"
683,"EU","2022-12-13 16:34:42.209+00","2022-12-13 16:34:42.209+00"
684,"European","2022-12-13 16:34:42.21+00","2022-12-13 16:34:42.21+00"
685,"corruption","2022-12-13 16:34:42.211+00","2022-12-13 16:34:42.211+00"
686,"MEPs","2022-12-13 16:34:42.212+00","2022-12-13 16:34:42.212+00"
687,"Ms Kaili","2022-12-13 16:34:42.213+00","2022-12-13 16:34:42.213+00"
688,"parliamentary","2022-12-13 16:34:42.214+00","2022-12-13 16:34:42.214+00"
689,"Parliament","2022-12-13 16:34:42.215+00","2022-12-13 16:34:42.215+00"
690,"Prosecutors","2022-12-13 16:34:42.216+00","2022-12-13 16:34:42.216+00"
691,"released","2022-12-13 16:34:42.217+00","2022-12-13 16:34:42.217+00"
692,"Tuesday","2022-12-13 16:34:42.218+00","2022-12-13 16:34:42.218+00"
693,"rights","2022-12-13 16:34:42.221+00","2022-12-13 16:34:42.221+00"
694,"abandoning","2022-12-13 16:34:43.205+00","2022-12-13 16:34:43.205+00"
696,"Agent Provocateur","2022-12-13 16:34:43.207+00","2022-12-13 16:34:43.207+00"
697,"aggression","2022-12-13 16:34:43.208+00","2022-12-13 16:34:43.208+00"
698,"alerts","2022-12-13 16:34:43.208+00","2022-12-13 16:34:43.208+00"
700,"annexed","2022-12-13 16:34:43.211+00","2022-12-13 16:34:43.211+00"
701,"annexation","2022-12-13 16:34:43.211+00","2022-12-13 16:34:43.211+00"
702,"appeared","2022-12-13 16:34:43.211+00","2022-12-13 16:34:43.211+00"
703,"attacks","2022-12-13 16:34:43.212+00","2022-12-13 16:34:43.212+00"
704,"announcement","2022-12-13 16:34:43.212+00","2022-12-13 16:34:43.212+00"
705,"baseline","2022-12-13 16:34:43.212+00","2022-12-13 16:34:43.212+00"
706,"beginning","2022-12-13 16:34:43.213+00","2022-12-13 16:34:43.213+00"
707,"Belarus","2022-12-13 16:34:43.213+00","2022-12-13 16:34:43.213+00"
709,"borders","2022-12-13 16:34:43.214+00","2022-12-13 16:34:43.214+00"
710,"C70000","2022-12-13 16:34:43.214+00","2022-12-13 16:34:43.214+00"
711,"calendar","2022-12-13 16:34:43.214+00","2022-12-13 16:34:43.214+00"
712,"capable","2022-12-13 16:34:43.214+00","2022-12-13 16:34:43.214+00"
713,"border","2022-12-13 16:34:43.215+00","2022-12-13 16:34:43.215+00"
714,"Catherine Colonna","2022-12-13 16:34:43.215+00","2022-12-13 16:34:43.215+00"
715,"conference","2022-12-13 16:34:43.216+00","2022-12-13 16:34:43.216+00"
716,"contacts","2022-12-13 16:34:43.216+00","2022-12-13 16:34:43.216+00"
718,"countries","2022-12-13 16:34:43.217+00","2022-12-13 16:34:43.217+00"
719,"defence","2022-12-13 16:34:43.217+00","2022-12-13 16:34:43.217+00"
720,"discuss","2022-12-13 16:34:43.217+00","2022-12-13 16:34:43.217+00"
722,"Donetsk","2022-12-13 16:34:43.218+00","2022-12-13 16:34:43.218+00"
723,"Dmitry Peskov","2022-12-13 16:34:43.218+00","2022-12-13 16:34:43.218+00"
724,"foreign","2022-12-13 16:34:43.219+00","2022-12-13 16:34:43.219+00"
725,"fighter","2022-12-13 16:34:43.219+00","2022-12-13 16:34:43.219+00"
726,"forces","2022-12-13 16:34:43.22+00","2022-12-13 16:34:43.22+00"
727,"illegal","2022-12-13 16:34:43.22+00","2022-12-13 16:34:43.22+00"
728,"include","2022-12-13 16:34:43.22+00","2022-12-13 16:34:43.22+00"
730,"France","2022-12-13 16:34:43.221+00","2022-12-13 16:34:43.221+00"
731,"height","2022-12-13 16:34:43.221+00","2022-12-13 16:34:43.221+00"
732,"indicate","2022-12-13 16:34:43.221+00","2022-12-13 16:34:43.221+00"
733,"international","2022-12-13 16:34:43.221+00","2022-12-13 16:34:43.221+00"
734,"infrastructure","2022-12-13 16:34:43.222+00","2022-12-13 16:34:43.222+00"
735,"Kherson","2022-12-13 16:34:43.222+00","2022-12-13 16:34:43.222+00"
736,"leader","2022-12-13 16:34:43.222+00","2022-12-13 16:34:43.222+00"
737,"margin","2022-12-13 16:34:43.223+00","2022-12-13 16:34:43.223+00"
738,"knbk2a","2022-12-13 16:34:43.223+00","2022-12-13 16:34:43.223+00"
739,"Kremlin","2022-12-13 16:34:43.223+00","2022-12-13 16:34:43.223+00"
740,"Luhansk","2022-12-13 16:34:43.223+00","2022-12-13 16:34:43.223+00"
741,"military","2022-12-13 16:34:43.224+00","2022-12-13 16:34:43.224+00"
742,"MiG","2022-12-13 16:34:43.224+00","2022-12-13 16:34:43.224+00"
744,"missile","2022-12-13 16:34:43.225+00","2022-12-13 16:34:43.225+00"
746,"October","2022-12-13 16:34:43.225+00","2022-12-13 16:34:43.225+00"
747,"officials","2022-12-13 16:34:43.226+00","2022-12-13 16:34:43.226+00"
748,"Moscow","2022-12-13 16:34:43.226+00","2022-12-13 16:34:43.226+00"
749,"opportunity","2022-12-13 16:34:43.227+00","2022-12-13 16:34:43.227+00"
750,"president","2022-12-13 16:34:43.227+00","2022-12-13 16:34:43.227+00"
751,"provinces","2022-12-13 16:34:43.227+00","2022-12-13 16:34:43.227+00"
752,"question","2022-12-13 16:34:43.228+00","2022-12-13 16:34:43.228+00"
753,"raised","2022-12-13 16:34:43.228+00","2022-12-13 16:34:43.228+00"
754,"realities","2022-12-13 16:34:43.228+00","2022-12-13 16:34:43.228+00"
755,"regions","2022-12-13 16:34:43.229+00","2022-12-13 16:34:43.229+00"
756,"reported","2022-12-13 16:34:43.229+00","2022-12-13 16:34:43.229+00"
758,"Russia","2022-12-13 16:34:43.23+00","2022-12-13 16:34:43.23+00"
759,"Ryazan","2022-12-13 16:34:43.23+00","2022-12-13 16:34:43.23+00"
760,"sirens","2022-12-13 16:34:43.23+00","2022-12-13 16:34:43.23+00"
763,"subjects","2022-12-13 16:34:43.232+00","2022-12-13 16:34:43.232+00"
764,"territory","2022-12-13 16:34:43.232+00","2022-12-13 16:34:43.232+00"
765,"towards","2022-12-13 16:34:43.233+00","2022-12-13 16:34:43.233+00"
766,"territorial","2022-12-13 16:34:43.233+00","2022-12-13 16:34:43.233+00"
767,"territories","2022-12-13 16:34:43.233+00","2022-12-13 16:34:43.233+00"
768,"Twitter","2022-12-13 16:34:43.233+00","2022-12-13 16:34:43.233+00"
769,"triggered","2022-12-13 16:34:43.234+00","2022-12-13 16:34:43.234+00"
770,"troops","2022-12-13 16:34:43.234+00","2022-12-13 16:34:43.234+00"
772,"Ukrainian","2022-12-13 16:34:43.235+00","2022-12-13 16:34:43.235+00"
773,"Vladimir Putin","2022-12-13 16:34:43.235+00","2022-12-13 16:34:43.235+00"
774,"Volodymyr Zelenskiy","2022-12-13 16:34:43.235+00","2022-12-13 16:34:43.235+00"
776,"vertical","2022-12-13 16:34:43.236+00","2022-12-13 16:34:43.236+00"
777,"withdraw","2022-12-13 16:34:43.236+00","2022-12-13 16:34:43.236+00"
778,"Zaporizhzhia","2022-12-13 16:34:43.236+00","2022-12-13 16:34:43.236+00"
779,"Afriyie","2022-12-13 16:34:43.488+00","2022-12-13 16:34:43.488+00"
780,"bankrupt","2022-12-13 16:34:43.489+00","2022-12-13 16:34:43.489+00"
781,"bankruptcy","2022-12-13 16:34:43.489+00","2022-12-13 16:34:43.489+00"
782,"continue","2022-12-13 16:34:43.49+00","2022-12-13 16:34:43.49+00"
783,"election","2022-12-13 16:34:43.49+00","2022-12-13 16:34:43.49+00"
784,"HMRC","2022-12-13 16:34:43.491+00","2022-12-13 16:34:43.491+00"
785,"MP","2022-12-13 16:34:43.492+00","2022-12-13 16:34:43.492+00"
786,"deaths","2022-12-13 16:34:43.513+00","2022-12-13 16:34:43.513+00"
787,"Families","2022-12-13 16:34:43.514+00","2022-12-13 16:34:43.514+00"
790,"deuterium","2022-12-13 16:34:43.613+00","2022-12-13 16:34:43.613+00"
791,"experiments","2022-12-13 16:34:43.614+00","2022-12-13 16:34:43.614+00"
793,"helium","2022-12-13 16:34:43.615+00","2022-12-13 16:34:43.615+00"
794,"ignition","2022-12-13 16:34:43.615+00","2022-12-13 16:34:43.615+00"
795,"MJ","2022-12-13 16:34:43.616+00","2022-12-13 16:34:43.616+00"
796,"NIF","2022-12-13 16:34:43.616+00","2022-12-13 16:34:43.616+00"
798,"lasers","2022-12-13 16:34:43.617+00","2022-12-13 16:34:43.617+00"
800,"research","2022-12-13 16:34:43.618+00","2022-12-13 16:34:43.618+00"
801,"tritium","2022-12-13 16:34:43.618+00","2022-12-13 16:34:43.618+00"
803,"BBC","2022-12-13 16:34:44.403+00","2022-12-13 16:34:44.403+00"
804,"Members","2022-12-13 16:34:44.405+00","2022-12-13 16:34:44.405+00"
806,"Madeley","2022-12-13 16:34:44.407+00","2022-12-13 16:34:44.407+00"
807,"society","2022-12-13 16:34:44.407+00","2022-12-13 16:34:44.407+00"
808,"starts","2022-12-13 16:34:44.408+00","2022-12-13 16:34:44.408+00"
809,"rightwing","2022-12-13 16:34:44.409+00","2022-12-13 16:34:44.409+00"
810,"Boris Johnson","2022-12-13 16:34:44.475+00","2022-12-13 16:34:44.475+00"
811,"committee","2022-12-13 16:34:44.476+00","2022-12-13 16:34:44.476+00"
812,"contract","2022-12-13 16:34:44.477+00","2022-12-13 16:34:44.477+00"
813,"defend","2022-12-13 16:34:44.478+00","2022-12-13 16:34:44.478+00"
814,"extended","2022-12-13 16:34:44.478+00","2022-12-13 16:34:44.478+00"
815,"future","2022-12-13 16:34:44.479+00","2022-12-13 16:34:44.479+00"
816,"evidence","2022-12-13 16:34:44.479+00","2022-12-13 16:34:44.479+00"
818,"inquiry","2022-12-13 16:34:44.481+00","2022-12-13 16:34:44.481+00"
819,"Johnson","2022-12-13 16:34:44.482+00","2022-12-13 16:34:44.482+00"
821,"Peters","2022-12-13 16:34:44.484+00","2022-12-13 16:34:44.484+00"
822,"privileges","2022-12-13 16:34:44.484+00","2022-12-13 16:34:44.484+00"
823,"whether","2022-12-13 16:34:44.485+00","2022-12-13 16:34:44.485+00"
824,"sources","2022-12-13 16:34:44.491+00","2022-12-13 16:34:44.491+00"
825,"changes","2022-12-13 16:34:44.531+00","2022-12-13 16:34:44.531+00"
826,"disruption","2022-12-13 16:34:44.532+00","2022-12-13 16:34:44.532+00"
828,"operators","2022-12-13 16:34:44.538+00","2022-12-13 16:34:44.538+00"
829,"secretary","2022-12-13 16:34:44.539+00","2022-12-13 16:34:44.539+00"
830,"unions","2022-12-13 16:34:44.542+00","2022-12-13 16:34:44.542+00"
831,"Trains","2022-12-13 16:34:44.543+00","2022-12-13 16:34:44.543+00"
832,"struck","2022-12-13 16:34:45.503+00","2022-12-13 16:34:45.503+00"
833,"reports","2022-12-13 16:34:45.514+00","2022-12-13 16:34:45.514+00"
834,"cannot","2022-12-13 16:34:45.527+00","2022-12-13 16:34:45.527+00"
835,"Please","2022-12-13 16:34:45.546+00","2022-12-13 16:34:45.546+00"
836,"aircraft","2022-12-13 16:34:45.579+00","2022-12-13 16:34:45.579+00"
837,"caused","2022-12-13 16:34:45.581+00","2022-12-13 16:34:45.581+00"
838,"Kinglassie","2022-12-13 16:34:45.582+00","2022-12-13 16:34:45.582+00"
839,"tipping","2022-12-13 16:34:45.599+00","2022-12-13 16:34:45.599+00"
840,"ground","2022-12-13 16:34:45.611+00","2022-12-13 16:34:45.611+00"
842,"concluded","2022-12-13 16:34:45.623+00","2022-12-13 16:34:45.623+00"
843,"carrycot","2022-12-13 16:34:45.682+00","2022-12-13 16:34:45.682+00"
844,"father","2022-12-13 16:34:45.684+00","2022-12-13 16:34:45.684+00"
845,"Judge Parker","2022-12-13 16:34:45.685+00","2022-12-13 16:34:45.685+00"
846,"mother","2022-12-13 16:34:45.699+00","2022-12-13 16:34:45.699+00"
847,"parents","2022-12-13 16:34:45.7+00","2022-12-13 16:34:45.7+00"
848,"extension","2022-12-13 16:34:45.734+00","2022-12-13 16:34:45.734+00"
849,"dispute","2022-12-13 16:34:45.764+00","2022-12-13 16:34:45.764+00"
851,"Glasgow","2022-12-13 16:34:45.767+00","2022-12-13 16:34:45.767+00"
852,"operator","2022-12-13 16:34:45.769+00","2022-12-13 16:34:45.769+00"
853,"charity","2022-12-13 16:34:45.855+00","2022-12-13 16:34:45.855+00"
854,"lifeboat","2022-12-13 16:34:45.856+00","2022-12-13 16:34:45.856+00"
855,"Milena","2022-12-13 16:34:45.857+00","2022-12-13 16:34:45.857+00"
856,"RNLI","2022-12-13 16:34:45.858+00","2022-12-13 16:34:45.858+00"
857,"sister","2022-12-13 16:34:45.869+00","2022-12-13 16:34:45.869+00"
859,"ensure","2022-12-13 16:34:45.883+00","2022-12-13 16:34:45.883+00"
861,"acting","2022-12-13 16:34:45.89+00","2022-12-13 16:34:45.89+00"
862,"character","2022-12-13 16:34:45.891+00","2022-12-13 16:34:45.891+00"
863,"Frankie","2022-12-13 16:34:45.893+00","2022-12-13 16:34:45.893+00"
864,"played","2022-12-13 16:34:45.896+00","2022-12-13 16:34:45.896+00"
865,"scenes","2022-12-13 16:34:45.898+00","2022-12-13 16:34:45.898+00"
866,"Sophie","2022-12-13 16:34:45.907+00","2022-12-13 16:34:45.907+00"
867,"Amundsen","2022-12-13 16:34:46.025+00","2022-12-13 16:34:46.025+00"
869,"behaviour","2022-12-13 16:34:46.029+00","2022-12-13 16:34:46.029+00"
870,"brought","2022-12-13 16:34:46.029+00","2022-12-13 16:34:46.029+00"
871,"happen","2022-12-13 16:34:46.031+00","2022-12-13 16:34:46.031+00"
873,"Lower Lee","2022-12-13 16:34:46.034+00","2022-12-13 16:34:46.034+00"
874,"justice","2022-12-13 16:34:46.035+00","2022-12-13 16:34:46.035+00"
875,"Merseyside Police","2022-12-13 16:34:46.036+00","2022-12-13 16:34:46.036+00"
876,"school","2022-12-13 16:34:46.037+00","2022-12-13 16:34:46.037+00"
877,"mentally","2022-12-13 16:34:46.037+00","2022-12-13 16:34:46.037+00"
878,"Victims","2022-12-13 16:34:46.039+00","2022-12-13 16:34:46.039+00"
879,"Hamilton","2022-12-13 16:34:46.117+00","2022-12-13 16:34:46.117+00"
880,"Harry McNish","2022-12-13 16:34:46.117+00","2022-12-13 16:34:46.117+00"
881,"journey","2022-12-13 16:34:46.118+00","2022-12-13 16:34:46.118+00"
882,"Polar Medal","2022-12-13 16:34:46.119+00","2022-12-13 16:34:46.119+00"
883,"McNish","2022-12-13 16:34:46.12+00","2022-12-13 16:34:46.12+00"
884,"Mr Douglas","2022-12-13 16:34:46.121+00","2022-12-13 16:34:46.121+00"
885,"South Georgia","2022-12-13 16:34:46.123+00","2022-12-13 16:34:46.123+00"
886,"voyage","2022-12-13 16:34:46.125+00","2022-12-13 16:34:46.125+00"
887,"rowing","2022-12-13 16:34:46.127+00","2022-12-13 16:34:46.127+00"
888,"Shackleton","2022-12-13 16:34:46.128+00","2022-12-13 16:34:46.128+00"
889,"allowed","2022-12-13 16:34:46.181+00","2022-12-13 16:34:46.181+00"
890,"monastery","2022-12-13 16:34:46.183+00","2022-12-13 16:34:46.183+00"
892,"Nature","2022-12-13 16:34:46.185+00","2022-12-13 16:34:46.185+00"
894,"Phra Prasert","2022-12-13 16:34:46.187+00","2022-12-13 16:34:46.187+00"
895,"temple","2022-12-13 16:34:46.194+00","2022-12-13 16:34:46.194+00"
896,"playing","2022-12-13 16:34:46.195+00","2022-12-13 16:34:46.195+00"
897,"siblings","2022-12-13 16:34:46.2+00","2022-12-13 16:34:46.2+00"
898,"Thailand","2022-12-13 16:34:46.201+00","2022-12-13 16:34:46.201+00"
899,"address","2022-12-13 16:34:46.352+00","2022-12-13 16:34:46.352+00"
900,"bakery","2022-12-13 16:34:46.354+00","2022-12-13 16:34:46.354+00"
901,"business","2022-12-13 16:34:46.356+00","2022-12-13 16:34:46.356+00"
902,"company","2022-12-13 16:34:46.357+00","2022-12-13 16:34:46.357+00"
903,"factory","2022-12-13 16:34:46.358+00","2022-12-13 16:34:46.358+00"
905,"cheese","2022-12-13 16:34:46.359+00","2022-12-13 16:34:46.359+00"
906,"crisps","2022-12-13 16:34:46.36+00","2022-12-13 16:34:46.36+00"
907,"Golden Wonder","2022-12-13 16:34:46.366+00","2022-12-13 16:34:46.366+00"
908,"grandfather","2022-12-13 16:34:46.367+00","2022-12-13 16:34:46.367+00"
909,"Jennifer","2022-12-13 16:34:46.368+00","2022-12-13 16:34:46.368+00"
910,"making","2022-12-13 16:34:46.369+00","2022-12-13 16:34:46.369+00"
911,"potato","2022-12-13 16:34:46.371+00","2022-12-13 16:34:46.371+00"
912,"Norman","2022-12-13 16:34:46.372+00","2022-12-13 16:34:46.372+00"
913,"Walkers","2022-12-13 16:34:46.373+00","2022-12-13 16:34:46.373+00"
914,"William","2022-12-13 16:34:46.374+00","2022-12-13 16:34:46.374+00"
915,"started","2022-12-13 16:34:46.374+00","2022-12-13 16:34:46.374+00"
916,"Stockbridge","2022-12-13 16:34:46.375+00","2022-12-13 16:34:46.375+00"
917,"West Lothian","2022-12-13 16:34:46.376+00","2022-12-13 16:34:46.376+00"
918,"William Alexander","2022-12-13 16:34:46.377+00","2022-12-13 16:34:46.377+00"
919,"worked","2022-12-13 16:34:46.378+00","2022-12-13 16:34:46.378+00"
920,"building","2022-12-13 16:34:46.47+00","2022-12-13 16:34:46.47+00"
921,"buildings","2022-12-13 16:34:46.471+00","2022-12-13 16:34:46.471+00"
923,"Cowgate","2022-12-13 16:34:46.473+00","2022-12-13 16:34:46.473+00"
924,"firefighters","2022-12-13 16:34:46.475+00","2022-12-13 16:34:46.475+00"
925,"Lothian","2022-12-13 16:34:46.476+00","2022-12-13 16:34:46.476+00"
926,"Old Town","2022-12-13 16:34:46.479+00","2022-12-13 16:34:46.479+00"
927,"studio","2022-12-13 16:34:46.479+00","2022-12-13 16:34:46.479+00"
929,"canopy","2022-12-13 16:34:46.546+00","2022-12-13 16:34:46.546+00"
931,"awaiting","2022-12-13 16:34:46.561+00","2022-12-13 16:34:46.561+00"
932,"BBC Scotland","2022-12-13 16:34:46.563+00","2022-12-13 16:34:46.563+00"
933,"custody","2022-12-13 16:34:46.612+00","2022-12-13 16:34:46.612+00"
934,"George","2022-12-13 16:34:46.613+00","2022-12-13 16:34:46.613+00"
935,"convicted","2022-12-13 16:34:46.614+00","2022-12-13 16:34:46.614+00"
936,"HMP Edinburgh","2022-12-13 16:34:46.616+00","2022-12-13 16:34:46.616+00"
938,"innocent","2022-12-13 16:34:46.618+00","2022-12-13 16:34:46.618+00"
939,"prison","2022-12-13 16:34:46.62+00","2022-12-13 16:34:46.62+00"
940,"Rachel","2022-12-13 16:34:46.624+00","2022-12-13 16:34:46.624+00"
941,"prisoners","2022-12-13 16:34:46.626+00","2022-12-13 16:34:46.626+00"
942,"prisons","2022-12-13 16:34:46.628+00","2022-12-13 16:34:46.628+00"
943,"remand","2022-12-13 16:34:46.629+00","2022-12-13 16:34:46.629+00"
944,"untried","2022-12-13 16:34:46.632+00","2022-12-13 16:34:46.632+00"
945,"abusers","2022-12-13 16:34:46.793+00","2022-12-13 16:34:46.793+00"
946,"chance","2022-12-13 16:34:46.795+00","2022-12-13 16:34:46.795+00"
947,"author","2022-12-13 16:34:46.801+00","2022-12-13 16:34:46.801+00"
948,"centred","2022-12-13 16:34:46.81+00","2022-12-13 16:34:46.81+00"
949,"diagnosis","2022-12-13 16:34:46.813+00","2022-12-13 16:34:46.813+00"
950,"experienced","2022-12-13 16:34:46.814+00","2022-12-13 16:34:46.814+00"
951,"centres","2022-12-13 16:34:46.815+00","2022-12-13 16:34:46.815+00"
952,"Ms Rowling","2022-12-13 16:34:46.816+00","2022-12-13 16:34:46.816+00"
953,"gender","2022-12-13 16:34:46.817+00","2022-12-13 16:34:46.817+00"
954,"provide","2022-12-13 16:34:46.818+00","2022-12-13 16:34:46.818+00"
955,"survivors","2022-12-13 16:34:46.82+00","2022-12-13 16:34:46.82+00"
956,"According","2022-12-13 16:34:46.986+00","2022-12-13 16:34:46.986+00"
957,"accounting","2022-12-13 16:34:46.986+00","2022-12-13 16:34:46.986+00"
958,"appear","2022-12-13 16:34:46.989+00","2022-12-13 16:34:46.989+00"
959,"arrest","2022-12-13 16:34:46.991+00","2022-12-13 16:34:46.991+00"
960,"Alameda Research","2022-12-13 16:34:46.992+00","2022-12-13 16:34:46.992+00"
961,"assets","2022-12-13 16:34:46.993+00","2022-12-13 16:34:46.993+00"
962,"Bankman","2022-12-13 16:34:46.994+00","2022-12-13 16:34:46.994+00"
963,"career","2022-12-13 16:34:46.998+00","2022-12-13 16:34:46.998+00"
964,"CEO","2022-12-13 16:34:46.999+00","2022-12-13 16:34:46.999+00"
965,"collapse","2022-12-13 16:34:47+00","2022-12-13 16:34:47+00"
966,"charge","2022-12-13 16:34:47.001+00","2022-12-13 16:34:47.001+00"
967,"charging","2022-12-13 16:34:47.002+00","2022-12-13 16:34:47.002+00"
969,"counts","2022-12-13 16:34:47.003+00","2022-12-13 16:34:47.003+00"
970,"cryptocurrency","2022-12-13 16:34:47.004+00","2022-12-13 16:34:47.004+00"
971,"corporate","2022-12-13 16:34:47.005+00","2022-12-13 16:34:47.005+00"
972,"crypto","2022-12-13 16:34:47.006+00","2022-12-13 16:34:47.006+00"
973,"customer","2022-12-13 16:34:47.007+00","2022-12-13 16:34:47.007+00"
974,"details","2022-12-13 16:34:47.009+00","2022-12-13 16:34:47.009+00"
975,"dollars","2022-12-13 16:34:47.013+00","2022-12-13 16:34:47.013+00"
976,"earned","2022-12-13 16:34:47.014+00","2022-12-13 16:34:47.014+00"
977,"Exchange Commission","2022-12-13 16:34:47.015+00","2022-12-13 16:34:47.015+00"
978,"exchange","2022-12-13 16:34:47.017+00","2022-12-13 16:34:47.017+00"
979,"FTX","2022-12-13 16:34:47.018+00","2022-12-13 16:34:47.018+00"
980,"hearing","2022-12-13 16:34:47.019+00","2022-12-13 16:34:47.019+00"
981,"House Financial Services Committee","2022-12-13 16:34:47.021+00","2022-12-13 16:34:47.021+00"
982,"investors","2022-12-13 16:34:47.023+00","2022-12-13 16:34:47.023+00"
983,"management","2022-12-13 16:34:47.024+00","2022-12-13 16:34:47.024+00"
984,"Nassau","2022-12-13 16:34:47.026+00","2022-12-13 16:34:47.026+00"
985,"John Jay Ray III","2022-12-13 16:34:47.027+00","2022-12-13 16:34:47.027+00"
986,"John Ray III","2022-12-13 16:34:47.028+00","2022-12-13 16:34:47.028+00"
987,"New York","2022-12-13 16:34:47.028+00","2022-12-13 16:34:47.028+00"
988,"political","2022-12-13 16:34:47.029+00","2022-12-13 16:34:47.029+00"
989,"Reporting","2022-12-13 16:34:47.03+00","2022-12-13 16:34:47.03+00"
990,"Sam Bankman","2022-12-13 16:34:47.031+00","2022-12-13 16:34:47.031+00"
991,"securities","2022-12-13 16:34:47.032+00","2022-12-13 16:34:47.032+00"
992,"Samira Hussain","2022-12-13 16:34:47.033+00","2022-12-13 16:34:47.033+00"
993,"SEC","2022-12-13 16:34:47.034+00","2022-12-13 16:34:47.034+00"
994,"statement","2022-12-13 16:34:47.034+00","2022-12-13 16:34:47.034+00"
995,"testifying","2022-12-13 16:34:47.035+00","2022-12-13 16:34:47.035+00"
996,"The Bahamas","2022-12-13 16:34:47.035+00","2022-12-13 16:34:47.035+00"
997,"unsealed","2022-12-13 16:34:47.037+00","2022-12-13 16:34:47.037+00"
998,"US Capitol","2022-12-13 16:34:47.038+00","2022-12-13 16:34:47.038+00"
1000,"affected","2022-12-13 16:34:47.379+00","2022-12-13 16:34:47.379+00"
1001,"Drivers","2022-12-13 16:34:47.382+00","2022-12-13 16:34:47.382+00"
1002,"driving","2022-12-13 16:34:47.383+00","2022-12-13 16:34:47.383+00"
1003,"favour","2022-12-13 16:34:47.383+00","2022-12-13 16:34:47.383+00"
1004,"economy","2022-12-13 16:34:47.384+00","2022-12-13 16:34:47.384+00"
1005,"expected","2022-12-13 16:34:47.385+00","2022-12-13 16:34:47.385+00"
1006,"Industrial","2022-12-13 16:34:47.387+00","2022-12-13 16:34:47.387+00"
1007,"GMT","2022-12-13 16:34:47.388+00","2022-12-13 16:34:47.388+00"
1008,"northern","2022-12-13 16:34:47.39+00","2022-12-13 16:34:47.39+00"
1009,"remain","2022-12-13 16:34:47.39+00","2022-12-13 16:34:47.39+00"
1010,"series","2022-12-13 16:34:47.392+00","2022-12-13 16:34:47.392+00"
1011,"Royal Mail","2022-12-13 16:34:47.393+00","2022-12-13 16:34:47.393+00"
1012,"spokesman","2022-12-13 16:34:47.395+00","2022-12-13 16:34:47.395+00"
1013,"significant","2022-12-13 16:34:47.397+00","2022-12-13 16:34:47.397+00"
1014,"striking","2022-12-13 16:34:47.397+00","2022-12-13 16:34:47.397+00"
1015,"The Met Office","2022-12-13 16:34:47.398+00","2022-12-13 16:34:47.398+00"
1016,"sympathy","2022-12-13 16:34:47.399+00","2022-12-13 16:34:47.399+00"
1017,"warning","2022-12-13 16:34:47.405+00","2022-12-13 16:34:47.405+00"
1018,"wintry","2022-12-13 16:34:47.408+00","2022-12-13 16:34:47.408+00"
1019,"yellow","2022-12-13 16:34:47.409+00","2022-12-13 16:34:47.409+00"
1021,"Health","2022-12-13 16:34:47.901+00","2022-12-13 16:34:47.901+00"
1022,"Ian Blackford","2022-12-13 16:34:47.909+00","2022-12-13 16:34:47.909+00"
1023,"SNP Westminster","2022-12-13 16:34:47.912+00","2022-12-13 16:34:47.912+00"
1024,"The Scottish","2022-12-13 16:34:47.913+00","2022-12-13 16:34:47.913+00"
1025,"Stephen Flynn","2022-12-13 16:34:47.914+00","2022-12-13 16:34:47.914+00"
1026,"Alfredo Ciociola","2022-12-13 16:34:47.983+00","2022-12-13 16:34:47.983+00"
1028,"challenging","2022-12-13 16:34:47.985+00","2022-12-13 16:34:47.985+00"
1029,"extremely","2022-12-13 16:34:47.988+00","2022-12-13 16:34:47.988+00"
1030,"facing","2022-12-13 16:34:47.99+00","2022-12-13 16:34:47.99+00"
1031,"figures","2022-12-13 16:34:47.991+00","2022-12-13 16:34:47.991+00"
1032,"Engineers","2022-12-13 16:34:47.992+00","2022-12-13 16:34:47.992+00"
1033,"Ollaberry","2022-12-13 16:34:47.994+00","2022-12-13 16:34:47.994+00"
1034,"outbuilding","2022-12-13 16:34:47.995+00","2022-12-13 16:34:47.995+00"
1035,"period","2022-12-13 16:34:47.996+00","2022-12-13 16:34:47.996+00"
1036,"restoring","2022-12-13 16:34:47.998+00","2022-12-13 16:34:47.998+00"
1037,"Harry Kinney","2022-12-13 16:34:48.168+00","2022-12-13 16:34:48.168+00"
1039,"original","2022-12-13 16:34:48.174+00","2022-12-13 16:34:48.174+00"
1040,"review","2022-12-13 16:34:48.175+00","2022-12-13 16:34:48.175+00"
1041,"supplied","2022-12-13 16:34:48.198+00","2022-12-13 16:34:48.198+00"
1044,"blueprint","2022-12-13 16:34:48.252+00","2022-12-13 16:34:48.252+00"
1045,"expansion","2022-12-13 16:34:48.253+00","2022-12-13 16:34:48.253+00"
1046,"female","2022-12-13 16:34:48.254+00","2022-12-13 16:34:48.254+00"
1047,"forgotten","2022-12-13 16:34:48.255+00","2022-12-13 16:34:48.255+00"
1049,"honour","2022-12-13 16:34:48.257+00","2022-12-13 16:34:48.257+00"
1050,"mission","2022-12-13 16:34:48.258+00","2022-12-13 16:34:48.258+00"
1051,"national","2022-12-13 16:34:48.259+00","2022-12-13 16:34:48.259+00"
1052,"Grandson","2022-12-13 16:34:48.26+00","2022-12-13 16:34:48.26+00"
1053,"prioritised","2022-12-13 16:34:48.261+00","2022-12-13 16:34:48.261+00"
1054,"Scottish","2022-12-13 16:34:48.263+00","2022-12-13 16:34:48.263+00"
1056,"Burnley","2022-12-13 16:34:48.339+00","2022-12-13 16:34:48.339+00"
1057,"Burnley Council","2022-12-13 16:34:48.341+00","2022-12-13 16:34:48.341+00"
1058,"Championship","2022-12-13 16:34:48.342+00","2022-12-13 16:34:48.342+00"
1059,"combat","2022-12-13 16:34:48.342+00","2022-12-13 16:34:48.342+00"
1060,"create","2022-12-13 16:34:48.344+00","2022-12-13 16:34:48.344+00"
1061,"Detective James O","2022-12-13 16:34:48.344+00","2022-12-13 16:34:48.344+00"
1062,"Donnell","2022-12-13 16:34:48.345+00","2022-12-13 16:34:48.345+00"
1063,"gunman","2022-12-13 16:34:48.345+00","2022-12-13 16:34:48.345+00"
1064,"holding","2022-12-13 16:34:48.346+00","2022-12-13 16:34:48.346+00"
1065,"experiences","2022-12-13 16:34:48.346+00","2022-12-13 16:34:48.346+00"
1066,"Georgia Wheadon","2022-12-13 16:34:48.346+00","2022-12-13 16:34:48.346+00"
1067,"hostage","2022-12-13 16:34:48.347+00","2022-12-13 16:34:48.347+00"
1068,"killed","2022-12-13 16:34:48.348+00","2022-12-13 16:34:48.348+00"
1069,"Lancashire","2022-12-13 16:34:48.348+00","2022-12-13 16:34:48.348+00"
1070,"loneliness","2022-12-13 16:34:48.349+00","2022-12-13 16:34:48.349+00"
1071,"Preston","2022-12-13 16:34:48.349+00","2022-12-13 16:34:48.349+00"
1072,"responding","2022-12-13 16:34:48.35+00","2022-12-13 16:34:48.35+00"
1073,"sounds","2022-12-13 16:34:48.35+00","2022-12-13 16:34:48.35+00"
1074,"students","2022-12-13 16:34:48.351+00","2022-12-13 16:34:48.351+00"
1075,"Neighbours","2022-12-13 16:34:48.351+00","2022-12-13 16:34:48.351+00"
1076,"tormented","2022-12-13 16:34:48.352+00","2022-12-13 16:34:48.352+00"
1077,"Albania","2022-12-13 16:35:13.503+00","2022-12-13 16:35:13.503+00"
1078,"Albanian","2022-12-13 16:35:13.504+00","2022-12-13 16:35:13.504+00"
1079,"migrants","2022-12-13 16:35:13.51+00","2022-12-13 16:35:13.51+00"
1080,"modern","2022-12-13 16:35:13.512+00","2022-12-13 16:35:13.512+00"
1081,"slavery","2022-12-13 16:35:13.514+00","2022-12-13 16:35:13.514+00"
1082,"agencies","2022-12-13 16:35:14.222+00","2022-12-13 16:35:14.222+00"
1083,"Brexit","2022-12-13 16:35:14.223+00","2022-12-13 16:35:14.223+00"
1084,"groups","2022-12-13 16:35:14.56+00","2022-12-13 16:35:14.56+00"
1085,"Intelligence","2022-12-13 16:35:14.561+00","2022-12-13 16:35:14.561+00"
1086,"IRA","2022-12-13 16:35:14.561+00","2022-12-13 16:35:14.561+00"
1087,"discontent","2022-12-13 16:35:14.561+00","2022-12-13 16:35:14.561+00"
1088,"loyalist","2022-12-13 16:35:14.562+00","2022-12-13 16:35:14.562+00"
1089,"oversight","2022-12-13 16:35:14.563+00","2022-12-13 16:35:14.563+00"
1090,"ISC","2022-12-13 16:35:14.563+00","2022-12-13 16:35:14.563+00"
1091,"NI","2022-12-13 16:35:14.563+00","2022-12-13 16:35:14.563+00"
1092,"security","2022-12-13 16:35:14.564+00","2022-12-13 16:35:14.564+00"
1093,"threat","2022-12-13 16:35:14.564+00","2022-12-13 16:35:14.564+00"
1094,"Bahamas","2022-12-13 16:35:15.995+00","2022-12-13 16:35:15.995+00"
1095,"Breakthrough","2022-12-13 16:35:15.997+00","2022-12-13 16:35:15.997+00"
1096,"cylinder","2022-12-13 16:35:16.002+00","2022-12-13 16:35:16.002+00"
1097,"founder","2022-12-13 16:35:16.005+00","2022-12-13 16:35:16.005+00"
1098,"inflation","2022-12-13 16:35:16.008+00","2022-12-13 16:35:16.008+00"
1099,"happened","2022-12-13 16:35:16.01+00","2022-12-13 16:35:16.01+00"
1100,"Joe Biden","2022-12-13 16:35:16.026+00","2022-12-13 16:35:16.026+00"
1101,"largest","2022-12-13 16:35:16.028+00","2022-12-13 16:35:16.028+00"
1102,"Lawrence Livermore National Laboratory","2022-12-13 16:35:16.031+00","2022-12-13 16:35:16.031+00"
1103,"November","2022-12-13 16:35:16.031+00","2022-12-13 16:35:16.031+00"
1104,"reportedly","2022-12-13 16:35:16.272+00","2022-12-13 16:35:16.272+00"
1105,"Samuel Bankman","2022-12-13 16:35:16.273+00","2022-12-13 16:35:16.273+00"
1106,"successful","2022-12-13 16:35:16.442+00","2022-12-13 16:35:16.442+00"
1107,"target","2022-12-13 16:35:16.443+00","2022-12-13 16:35:16.443+00"
1108,"Technology","2022-12-13 16:35:16.473+00","2022-12-13 16:35:16.473+00"
1109,"White House","2022-12-13 16:35:16.474+00","2022-12-13 16:35:16.474+00"
1110,"encrypted","2022-12-13 16:35:17.894+00","2022-12-13 16:35:17.894+00"
1111,"platform","2022-12-13 16:35:17.895+00","2022-12-13 16:35:17.895+00"
1112,"Wirefraud","2022-12-13 16:35:17.897+00","2022-12-13 16:35:17.897+00"
1113,"scheduled","2022-12-13 16:35:17.902+00","2022-12-13 16:35:17.902+00"
1114,"coldest","2022-12-13 16:35:18.202+00","2022-12-13 16:35:18.202+00"
1115,"councils","2022-12-13 16:35:18.204+00","2022-12-13 16:35:18.204+00"
1116,"drivers","2022-12-13 16:35:18.206+00","2022-12-13 16:35:18.206+00"
1117,"HGV","2022-12-13 16:35:18.208+00","2022-12-13 16:35:18.208+00"
1118,"gritters","2022-12-13 16:35:18.209+00","2022-12-13 16:35:18.209+00"
1119,"National Highways","2022-12-13 16:35:18.211+00","2022-12-13 16:35:18.211+00"
1120,"Record","2022-12-13 16:35:18.212+00","2022-12-13 16:35:18.212+00"
1121,"Wednesday","2022-12-13 16:35:18.214+00","2022-12-13 16:35:18.214+00"
1122,"warnings","2022-12-13 16:35:18.215+00","2022-12-13 16:35:18.215+00"
1123,"arrivals","2022-12-13 16:35:19.589+00","2022-12-13 16:35:19.589+00"
1124,"crimes","2022-12-13 16:35:19.591+00","2022-12-13 16:35:19.591+00"
1125,"promised","2022-12-13 16:35:19.591+00","2022-12-13 16:35:19.591+00"
1126,"immigration","2022-12-13 16:35:19.592+00","2022-12-13 16:35:19.592+00"
1127,"removal","2022-12-13 16:35:19.592+00","2022-12-13 16:35:19.592+00"
1128,"seeking","2022-12-13 16:35:19.593+00","2022-12-13 16:35:19.593+00"
1129,"tackle","2022-12-13 16:35:19.594+00","2022-12-13 16:35:19.594+00"
1130,"unworkable","2022-12-13 16:35:19.595+00","2022-12-13 16:35:19.595+00"
1131,"system","2022-12-13 16:35:19.596+00","2022-12-13 16:35:19.596+00"
1132,"certificate","2022-12-13 16:35:19.694+00","2022-12-13 16:35:19.694+00"
1133,"definition","2022-12-13 16:35:19.695+00","2022-12-13 16:35:19.695+00"
1134,"distinct","2022-12-13 16:35:19.695+00","2022-12-13 16:35:19.695+00"
1135,"EHRC","2022-12-13 16:35:19.696+00","2022-12-13 16:35:19.696+00"
1136,"Equality Act","2022-12-13 16:35:19.697+00","2022-12-13 16:35:19.697+00"
1137,"GRC","2022-12-13 16:35:19.697+00","2022-12-13 16:35:19.697+00"
1138,"Guidance","2022-12-13 16:35:19.698+00","2022-12-13 16:35:19.698+00"
1139,"legislation","2022-12-13 16:35:19.698+00","2022-12-13 16:35:19.698+00"
1140,"person","2022-12-13 16:35:19.699+00","2022-12-13 16:35:19.699+00"
1141,"purposes","2022-12-13 16:35:19.699+00","2022-12-13 16:35:19.699+00"
1142,"recognition","2022-12-13 16:35:19.699+00","2022-12-13 16:35:19.699+00"
1143,"transgender","2022-12-13 16:35:19.7+00","2022-12-13 16:35:19.7+00"
1144,"ruling","2022-12-13 16:35:19.7+00","2022-12-13 16:35:19.7+00"
1145,"Abu Salim","2022-12-13 16:35:19.747+00","2022-12-13 16:35:19.747+00"
1146,"according","2022-12-13 16:35:19.748+00","2022-12-13 16:35:19.748+00"
1148,"Dbeibeh","2022-12-13 16:35:19.751+00","2022-12-13 16:35:19.751+00"
1149,"expert","2022-12-13 16:35:19.751+00","2022-12-13 16:35:19.751+00"
1150,"intelligence","2022-12-13 16:35:19.752+00","2022-12-13 16:35:19.752+00"
1151,"earlier","2022-12-13 16:35:19.753+00","2022-12-13 16:35:19.753+00"
1152,"Justice","2022-12-13 16:35:19.753+00","2022-12-13 16:35:19.753+00"
1153,"Libyan","2022-12-13 16:35:19.754+00","2022-12-13 16:35:19.754+00"
1154,"militia","2022-12-13 16:35:19.754+00","2022-12-13 16:35:19.754+00"
1155,"Lockerbie","2022-12-13 16:35:19.755+00","2022-12-13 16:35:19.755+00"
1156,"notorious","2022-12-13 16:35:19.756+00","2022-12-13 16:35:19.756+00"
1157,"seized","2022-12-13 16:35:19.757+00","2022-12-13 16:35:19.757+00"
1158,"Tripoli","2022-12-13 16:35:19.758+00","2022-12-13 16:35:19.758+00"
1159,"Cressida Dick","2022-12-13 16:35:20.058+00","2022-12-13 16:35:20.058+00"
1160,"Home Secretary","2022-12-13 16:35:20.059+00","2022-12-13 16:35:20.059+00"
1161,"Mr Khan","2022-12-13 16:35:20.06+00","2022-12-13 16:35:20.06+00"
1162,"PCC","2022-12-13 16:35:20.06+00","2022-12-13 16:35:20.06+00"
1163,"Sir Tom","2022-12-13 16:35:20.062+00","2022-12-13 16:35:20.062+00"
1164,"PCCs","2022-12-13 16:35:20.062+00","2022-12-13 16:35:20.062+00"
1165,"Sadiq Khan","2022-12-13 16:35:20.063+00","2022-12-13 16:35:20.063+00"
1166,"uploaded","2022-12-13 16:35:20.823+00","2022-12-13 16:35:20.823+00"
1167,"Mr Lynch","2022-12-13 16:35:20.856+00","2022-12-13 16:35:20.856+00"
1168,"sector","2022-12-13 16:35:20.86+00","2022-12-13 16:35:20.86+00"
1176,"decision","2022-12-13 16:35:21.131+00","2022-12-13 16:35:21.131+00"
1177,"income","2022-12-13 16:35:21.133+00","2022-12-13 16:35:21.133+00"
1178,"TfL","2022-12-13 16:35:21.134+00","2022-12-13 16:35:21.134+00"
1179,"Around","2022-12-13 16:35:21.166+00","2022-12-13 16:35:21.166+00"
1180,"Asylum","2022-12-13 16:35:21.168+00","2022-12-13 16:35:21.168+00"
1181,"Disused","2022-12-13 16:35:21.169+00","2022-12-13 16:35:21.169+00"
1182,"crossings","2022-12-13 16:35:21.171+00","2022-12-13 16:35:21.171+00"
1183,"Home Office","2022-12-13 16:35:21.173+00","2022-12-13 16:35:21.173+00"
1184,"holiday","2022-12-13 16:35:21.175+00","2022-12-13 16:35:21.175+00"
1185,"Prime Minister","2022-12-13 16:35:21.178+00","2022-12-13 16:35:21.178+00"
1186,"student","2022-12-13 16:35:21.18+00","2022-12-13 16:35:21.18+00"
1187,"adviser","2022-12-13 16:35:21.305+00","2022-12-13 16:35:21.305+00"
1188,"agreement","2022-12-13 16:35:21.307+00","2022-12-13 16:35:21.307+00"
1189,"Amnesty","2022-12-13 16:35:21.314+00","2022-12-13 16:35:21.314+00"
1190,"clearly","2022-12-13 16:35:21.319+00","2022-12-13 16:35:21.319+00"
1191,"convention","2022-12-13 16:35:21.322+00","2022-12-13 16:35:21.322+00"
1192,"crucial","2022-12-13 16:35:21.323+00","2022-12-13 16:35:21.323+00"
1193,"dangerous","2022-12-13 16:35:21.324+00","2022-12-13 16:35:21.324+00"
1195,"declared","2022-12-13 16:35:21.325+00","2022-12-13 16:35:21.325+00"
1196,"double","2022-12-13 16:35:21.325+00","2022-12-13 16:35:21.325+00"
1197,"errors","2022-12-13 16:35:21.326+00","2022-12-13 16:35:21.326+00"
1198,"Europe","2022-12-13 16:35:21.327+00","2022-12-13 16:35:21.327+00"
1199,"hotels","2022-12-13 16:35:21.328+00","2022-12-13 16:35:21.328+00"
1201,"identify","2022-12-13 16:35:21.33+00","2022-12-13 16:35:21.33+00"
1202,"illegally","2022-12-13 16:35:21.331+00","2022-12-13 16:35:21.331+00"
1203,"Instead","2022-12-13 16:35:21.331+00","2022-12-13 16:35:21.331+00"
1204,"intention","2022-12-13 16:35:21.332+00","2022-12-13 16:35:21.332+00"
1205,"Labour","2022-12-13 16:35:21.333+00","2022-12-13 16:35:21.333+00"
1206,"majority","2022-12-13 16:35:21.335+00","2022-12-13 16:35:21.335+00"
1207,"method","2022-12-13 16:35:21.338+00","2022-12-13 16:35:21.338+00"
1208,"nationality","2022-12-13 16:35:21.339+00","2022-12-13 16:35:21.339+00"
1209,"MPs","2022-12-13 16:35:21.339+00","2022-12-13 16:35:21.339+00"
1210,"MRP","2022-12-13 16:35:21.34+00","2022-12-13 16:35:21.34+00"
1211,"organised","2022-12-13 16:35:21.341+00","2022-12-13 16:35:21.341+00"
1212,"persecution","2022-12-13 16:35:21.342+00","2022-12-13 16:35:21.342+00"
1213,"parliament","2022-12-13 16:35:21.343+00","2022-12-13 16:35:21.343+00"
1214,"policies","2022-12-13 16:35:21.343+00","2022-12-13 16:35:21.343+00"
1215,"polling","2022-12-13 16:35:21.344+00","2022-12-13 16:35:21.344+00"
1216,"policy","2022-12-13 16:35:21.345+00","2022-12-13 16:35:21.345+00"
1217,"protect","2022-12-13 16:35:21.345+00","2022-12-13 16:35:21.345+00"
1218,"refugees","2022-12-13 16:35:21.346+00","2022-12-13 16:35:21.346+00"
1219,"refugee","2022-12-13 16:35:21.347+00","2022-12-13 16:35:21.347+00"
1220,"returned","2022-12-13 16:35:21.347+00","2022-12-13 16:35:21.347+00"
1221,"Rishi Sunak","2022-12-13 16:35:21.348+00","2022-12-13 16:35:21.348+00"
1222,"Savanta","2022-12-13 16:35:21.349+00","2022-12-13 16:35:21.349+00"
1225,"thousands","2022-12-13 16:35:21.353+00","2022-12-13 16:35:21.353+00"
1226,"trafficking","2022-12-13 16:35:21.355+00","2022-12-13 16:35:21.355+00"
1227,"Tories","2022-12-13 16:35:21.356+00","2022-12-13 16:35:21.356+00"
1228,"torture","2022-12-13 16:35:21.357+00","2022-12-13 16:35:21.357+00"
1229,"Without","2022-12-13 16:35:21.358+00","2022-12-13 16:35:21.358+00"
1230,"Heartbreak","2022-12-13 16:41:56.63+00","2022-12-13 16:41:56.63+00"
1231,"efforts","2022-12-13 16:41:57.663+00","2022-12-13 16:41:57.663+00"
1232,"Emergency","2022-12-13 16:41:57.665+00","2022-12-13 16:41:57.665+00"
1233,"aerial","2022-12-13 16:42:01.437+00","2022-12-13 16:42:01.437+00"
1234,"AFP","2022-12-13 16:42:01.438+00","2022-12-13 16:42:01.438+00"
1235,"Alexandra Park","2022-12-13 16:42:01.439+00","2022-12-13 16:42:01.439+00"
1236,"Camden","2022-12-13 16:42:01.45+00","2022-12-13 16:42:01.45+00"
1237,"continues","2022-12-13 16:42:01.451+00","2022-12-13 16:42:01.451+00"
1238,"covered","2022-12-13 16:42:01.453+00","2022-12-13 16:42:01.453+00"
1239,"delays","2022-12-13 16:42:01.454+00","2022-12-13 16:42:01.454+00"
1240,"flights","2022-12-13 16:42:01.469+00","2022-12-13 16:42:01.469+00"
1241,"Fulham","2022-12-13 16:42:01.47+00","2022-12-13 16:42:01.47+00"
1242,"Evening Standard","2022-12-13 16:42:01.471+00","2022-12-13 16:42:01.471+00"
1243,"freezing","2022-12-13 16:42:01.472+00","2022-12-13 16:42:01.472+00"
1244,"Getty Images","2022-12-13 16:42:01.473+00","2022-12-13 16:42:01.473+00"
1245,"Greenwich Park","2022-12-13 16:42:01.473+00","2022-12-13 16:42:01.473+00"
1246,"issued","2022-12-13 16:42:01.474+00","2022-12-13 16:42:01.474+00"
1247,"Gatwick","2022-12-13 16:42:01.475+00","2022-12-13 16:42:01.475+00"
1248,"Nick Edwards","2022-12-13 16:42:01.477+00","2022-12-13 16:42:01.477+00"
1249,"PA","2022-12-13 16:42:01.48+00","2022-12-13 16:42:01.48+00"
1250,"problems","2022-12-13 16:42:01.485+00","2022-12-13 16:42:01.485+00"
1251,"Richmond Park","2022-12-13 16:42:01.487+00","2022-12-13 16:42:01.487+00"
1252,"REUTERS","2022-12-13 16:42:01.489+00","2022-12-13 16:42:01.489+00"
1253,"River Thames","2022-12-13 16:42:01.49+00","2022-12-13 16:42:01.49+00"
1254,"Serpentine","2022-12-13 16:42:01.491+00","2022-12-13 16:42:01.491+00"
1255,"skyscraper","2022-12-13 16:42:01.492+00","2022-12-13 16:42:01.492+00"
1256,"snowfall","2022-12-13 16:42:01.494+00","2022-12-13 16:42:01.494+00"
1257,"Stansted Airport","2022-12-13 16:42:01.495+00","2022-12-13 16:42:01.495+00"
1258,"swimmer","2022-12-13 16:42:01.496+00","2022-12-13 16:42:01.496+00"
1259,"involving","2022-12-13 16:42:04.674+00","2022-12-13 16:42:04.674+00"
1260,"rescue","2022-12-13 16:42:04.676+00","2022-12-13 16:42:04.676+00"
1261,"Allerton Road","2022-12-13 16:42:13.321+00","2022-12-13 16:42:13.321+00"
1262,"Chatwins","2022-12-13 16:42:13.321+00","2022-12-13 16:42:13.321+00"
1263,"institution","2022-12-13 16:42:13.322+00","2022-12-13 16:42:13.322+00"
1264,"mantle","2022-12-13 16:42:13.323+00","2022-12-13 16:42:13.323+00"
1265,"opened","2022-12-13 16:42:13.323+00","2022-12-13 16:42:13.323+00"
1266,"opening","2022-12-13 16:42:13.323+00","2022-12-13 16:42:13.323+00"
1267,"products","2022-12-13 16:42:13.33+00","2022-12-13 16:42:13.33+00"
1268,"welcome","2022-12-13 16:42:13.332+00","2022-12-13 16:42:13.332+00"
1269,"AI","2022-12-13 16:42:36.646+00","2022-12-13 16:42:36.646+00"
1270,"artwork","2022-12-13 16:42:36.647+00","2022-12-13 16:42:36.647+00"
1271,"portraits","2022-12-13 16:42:36.648+00","2022-12-13 16:42:36.648+00"
1272,"software","2022-12-13 16:42:36.648+00","2022-12-13 16:42:36.648+00"
1273,"artists","2022-12-13 16:42:36.652+00","2022-12-13 16:42:36.652+00"
1274,"fights","2022-12-13 16:42:38.509+00","2022-12-13 16:42:38.509+00"
1275,"motorists","2022-12-13 16:42:57.638+00","2022-12-13 16:42:57.638+00"
1276,"reporting","2022-12-13 16:42:57.64+00","2022-12-13 16:42:57.64+00"
1277,"running","2022-12-13 16:42:57.641+00","2022-12-13 16:42:57.641+00"
1278,"tomorrow","2022-12-13 16:42:57.645+00","2022-12-13 16:42:57.645+00"
1279,"warned","2022-12-13 16:42:57.647+00","2022-12-13 16:42:57.647+00"
1280,"afford","2022-12-13 18:13:41.548+00","2022-12-13 18:13:41.548+00"
1281,"Students","2022-12-13 18:13:41.552+00","2022-12-13 18:13:41.552+00"
1282,"sharing","2022-12-13 18:13:44.336+00","2022-12-13 18:13:44.336+00"
1283,"Stephen Bear","2022-12-13 18:13:44.336+00","2022-12-13 18:13:44.336+00"
1284,"thought","2022-12-13 18:13:44.337+00","2022-12-13 18:13:44.337+00"
1285,"decisions","2022-12-13 18:13:44.53+00","2022-12-13 18:13:44.53+00"
1286,"initial","2022-12-13 18:13:44.533+00","2022-12-13 18:13:44.533+00"
1287,"unimaginable","2022-12-13 18:13:45.768+00","2022-12-13 18:13:45.768+00"
1288,"incident","2022-12-13 18:13:50.14+00","2022-12-13 18:13:50.14+00"
1289,"amendment","2022-12-13 18:13:52.59+00","2022-12-13 18:13:52.59+00"
1290,"calling","2022-12-13 18:13:52.593+00","2022-12-13 18:13:52.593+00"
1291,"concerned","2022-12-13 18:13:52.595+00","2022-12-13 18:13:52.595+00"
1292,"colleague","2022-12-13 18:13:52.595+00","2022-12-13 18:13:52.595+00"
1293,"Conservatives","2022-12-13 18:13:52.595+00","2022-12-13 18:13:52.595+00"
1294,"elections","2022-12-13 18:13:52.597+00","2022-12-13 18:13:52.597+00"
1295,"debate","2022-12-13 18:13:52.597+00","2022-12-13 18:13:52.597+00"
1296,"ID","2022-12-13 18:13:52.767+00","2022-12-13 18:13:52.767+00"
1297,"independent","2022-12-13 18:13:52.768+00","2022-12-13 18:13:52.768+00"
1298,"Keir Starmer","2022-12-13 18:13:52.769+00","2022-12-13 18:13:52.769+00"
1299,"Lib Dem","2022-12-13 18:13:52.77+00","2022-12-13 18:13:52.77+00"
1300,"motion","2022-12-13 18:13:52.77+00","2022-12-13 18:13:52.77+00"
1301,"provides","2022-12-13 18:13:52.772+00","2022-12-13 18:13:52.772+00"
1302,"raising","2022-12-13 18:13:52.773+00","2022-12-13 18:13:52.773+00"
1303,"regulations","2022-12-13 18:13:52.773+00","2022-12-13 18:13:52.773+00"
1304,"voters","2022-12-13 18:13:52.776+00","2022-12-13 18:13:52.776+00"
1305,"voting","2022-12-13 18:13:52.776+00","2022-12-13 18:13:52.776+00"
1306,"authorities","2022-12-13 18:13:57.088+00","2022-12-13 18:13:57.088+00"
1307,"congressional","2022-12-13 18:13:57.091+00","2022-12-13 18:13:57.091+00"
1308,"digital","2022-12-13 18:13:57.093+00","2022-12-13 18:13:57.093+00"
1309,"governance","2022-12-13 18:13:57.093+00","2022-12-13 18:13:57.093+00"
1310,"Joe Tidy","2022-12-13 18:13:57.094+00","2022-12-13 18:13:57.094+00"
1311,"testimony","2022-12-13 18:13:57.096+00","2022-12-13 18:13:57.096+00"
1312,"Arctic","2022-12-13 18:13:57.383+00","2022-12-13 18:13:57.383+00"
1313,"Customers","2022-12-13 18:13:57.385+00","2022-12-13 18:13:57.385+00"
1314,"evening","2022-12-13 18:13:57.388+00","2022-12-13 18:13:57.388+00"
1315,"further","2022-12-13 18:13:57.39+00","2022-12-13 18:13:57.39+00"
1316,"Met Office","2022-12-13 18:13:57.391+00","2022-12-13 18:13:57.391+00"
1317,"northeast","2022-12-13 18:13:57.392+00","2022-12-13 18:13:57.392+00"
1318,"moving","2022-12-13 18:13:57.393+00","2022-12-13 18:13:57.393+00"
1319,"servants","2022-12-13 18:13:57.395+00","2022-12-13 18:13:57.395+00"
1320,"station","2022-12-13 18:13:57.395+00","2022-12-13 18:13:57.395+00"
1321,"Temperatures","2022-12-13 18:13:57.396+00","2022-12-13 18:13:57.396+00"
1322,"throughout","2022-12-13 18:13:57.397+00","2022-12-13 18:13:57.397+00"
1323,"without","2022-12-13 18:13:57.398+00","2022-12-13 18:13:57.398+00"
1324,"defrost","2022-12-13 18:13:58.98+00","2022-12-13 18:13:58.98+00"
1325,"Iain Packer","2022-12-13 18:13:58.983+00","2022-12-13 18:13:58.983+00"
1326,"heaters","2022-12-13 18:13:58.983+00","2022-12-13 18:13:58.983+00"
1327,"pleaded","2022-12-13 18:13:58.985+00","2022-12-13 18:13:58.985+00"
1328,"switching","2022-12-13 18:13:58.987+00","2022-12-13 18:13:58.987+00"
1329,"windows","2022-12-13 18:13:58.987+00","2022-12-13 18:13:58.987+00"
1330,"almighty","2022-12-13 18:14:00.5+00","2022-12-13 18:14:00.5+00"
1331,"blowing","2022-12-13 18:14:00.512+00","2022-12-13 18:14:00.512+00"
1332,"headset","2022-12-13 18:14:00.513+00","2022-12-13 18:14:00.513+00"
1333,"always","2022-12-13 18:14:01.428+00","2022-12-13 18:14:01.428+00"
1334,"massive","2022-12-13 18:14:01.476+00","2022-12-13 18:14:01.476+00"
1335,"Anfield","2022-12-13 19:27:49.391+00","2022-12-13 19:27:49.391+00"
1336,"David Johnson","2022-12-13 19:27:49.397+00","2022-12-13 19:27:49.397+00"
1337,"Everton","2022-12-13 19:27:49.531+00","2022-12-13 19:27:49.531+00"
1338,"funeral","2022-12-13 19:27:49.649+00","2022-12-13 19:27:49.649+00"
1339,"hearse","2022-12-13 19:27:49.649+00","2022-12-13 19:27:49.649+00"
1340,"Liverpool FC","2022-12-13 19:27:49.651+00","2022-12-13 19:27:49.651+00"
1341,"striker","2022-12-13 19:27:49.653+00","2022-12-13 19:27:49.653+00"
1342,"Woolton","2022-12-13 19:27:49.658+00","2022-12-13 19:27:49.658+00"
1343,"players","2022-12-13 19:27:49.659+00","2022-12-13 19:27:49.659+00"
1344,"course","2022-12-13 19:27:51.145+00","2022-12-13 19:27:51.145+00"
1345,"listed","2022-12-13 19:27:51.145+00","2022-12-13 19:27:51.145+00"
1346,"bedroom","2022-12-13 19:27:51.149+00","2022-12-13 19:27:51.149+00"
1347,"judgment","2022-12-13 19:27:51.151+00","2022-12-13 19:27:51.151+00"
1348,"situation","2022-12-13 19:27:51.176+00","2022-12-13 19:27:51.176+00"
1349,"placed","2022-12-13 19:27:51.177+00","2022-12-13 19:27:51.177+00"
1350,"position","2022-12-13 19:27:51.178+00","2022-12-13 19:27:51.178+00"
1351,"attending","2022-12-13 19:27:51.766+00","2022-12-13 19:27:51.766+00"
1352,"events","2022-12-13 19:27:51.767+00","2022-12-13 19:27:51.767+00"
1353,"infection","2022-12-13 19:27:51.768+00","2022-12-13 19:27:51.768+00"
1354,"infections","2022-12-13 19:27:51.768+00","2022-12-13 19:27:51.768+00"
1355,"symptoms","2022-12-13 19:27:51.786+00","2022-12-13 19:27:51.786+00"
1356,"anyone","2022-12-13 19:27:53.358+00","2022-12-13 19:27:53.358+00"
1357,"growing","2022-12-13 19:27:53.36+00","2022-12-13 19:27:53.36+00"
1358,"welfare","2022-12-13 19:27:53.361+00","2022-12-13 19:27:53.361+00"
1359,"councillor","2022-12-13 19:27:53.503+00","2022-12-13 19:27:53.503+00"
1360,"creative","2022-12-13 19:27:53.503+00","2022-12-13 19:27:53.503+00"
1361,"Custom House","2022-12-13 19:27:53.504+00","2022-12-13 19:27:53.504+00"
1362,"envisaged","2022-12-13 19:27:53.504+00","2022-12-13 19:27:53.504+00"
1363,"exactly","2022-12-13 19:27:53.505+00","2022-12-13 19:27:53.505+00"
1364,"heritage","2022-12-13 19:27:53.505+00","2022-12-13 19:27:53.505+00"
1365,"museum","2022-12-13 19:27:53.506+00","2022-12-13 19:27:53.506+00"
1366,"originally","2022-12-13 19:27:53.507+00","2022-12-13 19:27:53.507+00"
1367,"project","2022-12-13 19:27:53.507+00","2022-12-13 19:27:53.507+00"
1368,"purchase","2022-12-13 19:27:53.508+00","2022-12-13 19:27:53.508+00"
1369,"spaces","2022-12-13 19:27:53.508+00","2022-12-13 19:27:53.508+00"
1370,"whilst","2022-12-13 19:27:53.509+00","2022-12-13 19:27:53.509+00"
